feature,decisión
road_carriles,seleccionada
road_nivel,seleccionada
road_velocidad,seleccionada
road_ancho,seleccionada
n_intersections_1km,seleccionada
pop_5km,seleccionada
n_localities_5km,seleccionada
rural_pop_share_5km,seleccionada
pop_10km,seleccionada
n_localities_10km,redundante
rural_pop_share_10km,seleccionada
schooling_mean_10km,seleccionada
pct_dwellings_electricity_10km,varianza ~0
pop_20km,redundante
n_localities_20km,seleccionada
rural_pop_share_20km,seleccionada
dist_nearest_locality_m,seleccionada
pop_nearest_locality,seleccionada
mun_agri_sown_ha,seleccionada
mun_agri_harvested_ha,redundante
mun_agri_value_mxn,seleccionada
mun_agri_n_crops,seleccionada
mun_agri_crop_shannon,seleccionada
mun_agri_top_crop_share,seleccionada
mun_agri_irrigated_share,seleccionada
mun_agri_loss_share,seleccionada
toll_road,seleccionada
red,seleccionada
road_tipo_vial,seleccionada
road_cond_pav,seleccionada
road_recubri,seleccionada
road_peaje,seleccionada
road_administra,seleccionada
road_jurisdi,seleccionada
road_circula,seleccionada
mun_agri_top_crop,seleccionada
