Anio,id_ent,Nomestado,Idddr,Nomddr,Idcader,Nomcader,id_mun,nom_mun,Idciclo,ciclo,Idmodalidad,modalidad,Idunidadmedida,Nomunidad,Idcultivo,cultivo,sembrada_ha,cosechada_ha,siniestrada_ha,Volumenproduccion,Rendimiento,Preciomediorural,valor_mxn,cve_mun
2025,9,Ciudad de México,42,Xochimilco,1,San Mateo Xalpa,12,Tlalpan,1,Otoño-Invierno,1,Riego,200206,Planta,5780000,CALANCOE (PLANTA),1.1,1.1,0.0,82800.0,75272.73,13.49,1116972.0,09012
2025,9,Ciudad de México,42,Xochimilco,1,San Mateo Xalpa,12,Tlalpan,1,Otoño-Invierno,1,Riego,200206,Planta,6920000,GERANIO (PLANTA),0.8,0.8,0.0,74750.0,93437.5,15.71,1174322.5,09012
2025,9,Ciudad de México,42,Xochimilco,1,San Mateo Xalpa,12,Tlalpan,1,Otoño-Invierno,2,Temporal,200201,Tonelada,6670000,ESPINACA,30.0,30.0,0.0,228.8,7.63,8886.54,2033240.35,09012
2025,9,Ciudad de México,42,Xochimilco,1,San Mateo Xalpa,12,Tlalpan,2,Primavera-Verano,1,Riego,200206,Planta,6920000,GERANIO (PLANTA),1.2,1.2,0.0,174000.0,145000.0,18.01,3133740.0,09012
2025,9,Ciudad de México,42,Xochimilco,1,San Mateo Xalpa,12,Tlalpan,2,Primavera-Verano,1,Riego,200206,Planta,7900000,NOCHEBUENA (PLANTA),3.0,3.0,0.0,348000.0,116000.0,71.65,24934200.0,09012
2025,9,Ciudad de México,42,Xochimilco,1,San Mateo Xalpa,12,Tlalpan,2,Primavera-Verano,2,Temporal,200201,Tonelada,5490000,AVENA FORRAJERA EN VERDE,3057.0,3057.0,0.0,45855.0,15.0,1481.22,67921343.1,09012
2025,9,Ciudad de México,42,Xochimilco,1,San Mateo Xalpa,12,Tlalpan,2,Primavera-Verano,2,Temporal,200201,Tonelada,5740000,CALABACITA,21.0,21.0,0.0,168.0,8.0,10959.58,1841209.44,09012
2025,9,Ciudad de México,42,Xochimilco,1,San Mateo Xalpa,12,Tlalpan,2,Primavera-Verano,2,Temporal,200201,Tonelada,6190000,CILANTRO,9.0,9.0,0.0,67.5,7.5,8911.11,601499.93,09012
2025,9,Ciudad de México,42,Xochimilco,1,San Mateo Xalpa,12,Tlalpan,2,Primavera-Verano,2,Temporal,200201,Tonelada,6540000,EBO (JANAMARGO O VEZA),26.0,26.0,0.0,286.0,11.0,1682.52,481200.72,09012
2025,9,Ciudad de México,42,Xochimilco,1,San Mateo Xalpa,12,Tlalpan,2,Primavera-Verano,2,Temporal,200201,Tonelada,6610000,ELOTE,578.0,578.0,0.0,6358.0,11.0,11939.45,75911023.1,09012
2025,9,Ciudad de México,42,Xochimilco,1,San Mateo Xalpa,12,Tlalpan,2,Primavera-Verano,2,Temporal,200201,Tonelada,6670000,ESPINACA,81.0,81.0,0.0,688.5,8.5,8386.71,5774249.84,09012
2025,9,Ciudad de México,42,Xochimilco,1,San Mateo Xalpa,12,Tlalpan,2,Primavera-Verano,2,Temporal,200201,Tonelada,6840000,FRIJOL,5.0,5.0,0.0,4.25,0.85,25700.0,109225.0,09012
2025,9,Ciudad de México,42,Xochimilco,1,San Mateo Xalpa,12,Tlalpan,2,Primavera-Verano,2,Temporal,200201,Tonelada,7110000,HABA VERDE,39.0,39.0,0.0,185.06,4.75,12552.11,2322893.63,09012
2025,9,Ciudad de México,42,Xochimilco,1,San Mateo Xalpa,12,Tlalpan,2,Primavera-Verano,2,Temporal,200201,Tonelada,7490000,MAÍZ GRANO,802.0,802.0,0.0,1130.82,1.41,7541.78,8528395.66,09012
2025,9,Ciudad de México,42,Xochimilco,1,San Mateo Xalpa,12,Tlalpan,2,Primavera-Verano,2,Temporal,200201,Tonelada,8100000,PAPA,840.0,840.0,0.0,42000.0,50.0,7811.4,328078800.0,09012
2025,9,Ciudad de México,42,Xochimilco,1,San Mateo Xalpa,12,Tlalpan,2,Primavera-Verano,2,Temporal,200201,Tonelada,8490000,RÁBANO,15.0,15.0,0.0,210.0,14.0,8828.57,1853999.7,09012
2025,9,Ciudad de México,42,Xochimilco,1,San Mateo Xalpa,12,Tlalpan,2,Primavera-Verano,2,Temporal,200201,Tonelada,9270000,ZANAHORIA,10.0,10.0,0.0,220.0,22.0,7840.91,1725000.2,09012
2025,9,Ciudad de México,42,Xochimilco,1,San Mateo Xalpa,12,Tlalpan,3,Perennes,2,Temporal,200206,Planta,5390000,ÁRBOL DE NAVIDAD (PLANTA),21.0,18.5,0.0,11322.0,612.0,850.0,9623700.0,09012
2025,9,Ciudad de México,42,Xochimilco,1,San Mateo Xalpa,12,Tlalpan,3,Perennes,2,Temporal,200201,Tonelada,5840000,CAPULÍN,0.9,0.9,0.0,1.0,1.11,9000.0,9000.0,09012
2025,9,Ciudad de México,42,Xochimilco,1,San Mateo Xalpa,12,Tlalpan,3,Perennes,2,Temporal,200201,Tonelada,6220000,CIRUELA,5.2,4.0,0.0,13.6,3.4,10000.0,136000.0,09012
2025,9,Ciudad de México,42,Xochimilco,1,San Mateo Xalpa,12,Tlalpan,3,Perennes,2,Temporal,200201,Tonelada,6530000,DURAZNO,4.4,2.0,0.0,10.0,5.0,14550.0,145500.0,09012
2025,9,Ciudad de México,42,Xochimilco,1,San Mateo Xalpa,12,Tlalpan,3,Perennes,2,Temporal,200201,Tonelada,7580000,MANZANA,4.1,2.0,0.0,15.0,7.5,16000.0,240000.0,09012
2025,9,Ciudad de México,42,Xochimilco,1,San Mateo Xalpa,12,Tlalpan,3,Perennes,2,Temporal,200201,Tonelada,8230000,PERA,10.6,7.0,0.0,45.5,6.5,10000.0,455000.0,09012
2025,9,Ciudad de México,42,Xochimilco,1,San Mateo Xalpa,12,Tlalpan,3,Perennes,2,Temporal,200203,Gruesa,8610000,ROSA (GRUESA),3.8,3.2,0.0,2210.0,690.63,361.96,799931.6,09012
2025,9,Ciudad de México,42,Xochimilco,1,San Mateo Xalpa,12,Tlalpan,3,Perennes,2,Temporal,200201,Tonelada,8930000,TEJOCOTE,0.55,0.5,0.0,1.67,3.34,12550.0,20958.5,09012
2025,9,Ciudad de México,42,Xochimilco,1,San Mateo Xalpa,13,Xochimilco,1,Otoño-Invierno,1,Riego,200201,Tonelada,5010000,ACELGA,4.0,4.0,0.0,36.8,9.2,7520.94,276770.59,09013
2025,9,Ciudad de México,42,Xochimilco,1,San Mateo Xalpa,13,Xochimilco,1,Otoño-Invierno,1,Riego,200206,Planta,5780000,CALANCOE (PLANTA),5.0,5.0,0.0,392500.0,78500.0,15.0,5887500.0,09013
2025,9,Ciudad de México,42,Xochimilco,1,San Mateo Xalpa,13,Xochimilco,1,Otoño-Invierno,1,Riego,200206,Planta,6210000,CINERARIA (PLANTA),5.0,5.0,0.0,382200.0,76440.0,15.91,6080802.0,09013
2025,9,Ciudad de México,42,Xochimilco,1,San Mateo Xalpa,13,Xochimilco,1,Otoño-Invierno,1,Riego,200206,Planta,6460000,CYCLAMEN (PLANTA),6.0,6.0,0.0,452700.0,75450.0,29.8,13490460.0,09013
2025,9,Ciudad de México,42,Xochimilco,1,San Mateo Xalpa,13,Xochimilco,1,Otoño-Invierno,1,Riego,200201,Tonelada,6670000,ESPINACA,8.0,8.0,0.0,62.96,7.87,7971.41,501879.97,09013
2025,9,Ciudad de México,42,Xochimilco,1,San Mateo Xalpa,13,Xochimilco,1,Otoño-Invierno,1,Riego,200206,Planta,6920000,GERANIO (PLANTA),12.0,12.0,0.0,1200960.0,100080.0,17.99,21605270.4,09013
2025,9,Ciudad de México,42,Xochimilco,1,San Mateo Xalpa,13,Xochimilco,1,Otoño-Invierno,1,Riego,200201,Tonelada,7330000,LECHUGA,46.0,46.0,0.0,423.2,9.2,8547.58,3617335.86,09013
2025,9,Ciudad de México,42,Xochimilco,1,San Mateo Xalpa,13,Xochimilco,1,Otoño-Invierno,1,Riego,200206,Planta,7375000,LILIUM (PLANTA),4.0,4.0,0.0,600480.0,150120.0,20.87,12532017.6,09013
2025,9,Ciudad de México,42,Xochimilco,1,San Mateo Xalpa,13,Xochimilco,1,Otoño-Invierno,1,Riego,200206,Planta,8205000,PENSAMIENTO (PLANTA),4.5,4.5,0.0,450000.0,100000.0,14.31,6439500.0,09013
2025,9,Ciudad de México,42,Xochimilco,1,San Mateo Xalpa,13,Xochimilco,1,Otoño-Invierno,1,Riego,200206,Planta,8270000,PETUNIA (PLANTA),6.0,6.0,0.0,513000.0,85500.0,21.36,10957680.0,09013
2025,9,Ciudad de México,42,Xochimilco,1,San Mateo Xalpa,13,Xochimilco,1,Otoño-Invierno,1,Riego,200201,Tonelada,8580000,ROMERITO,19.5,19.5,0.0,131.82,6.76,8584.4,1131595.61,09013
2025,9,Ciudad de México,42,Xochimilco,1,San Mateo Xalpa,13,Xochimilco,1,Otoño-Invierno,1,Riego,200206,Planta,9115000,TULIPÁN HOLANDÉS,2.5,2.5,0.0,402400.0,160960.0,45.0,18108000.0,09013
2025,9,Ciudad de México,42,Xochimilco,1,San Mateo Xalpa,13,Xochimilco,1,Otoño-Invierno,1,Riego,200201,Tonelada,9170000,VERDOLAGA,41.0,41.0,0.0,340.0,8.29,7822.88,2659779.2,09013
2025,9,Ciudad de México,42,Xochimilco,1,San Mateo Xalpa,13,Xochimilco,1,Otoño-Invierno,2,Temporal,200201,Tonelada,6670000,ESPINACA,15.0,15.0,0.0,116.32,7.75,9043.52,1051942.25,09013
2025,9,Ciudad de México,42,Xochimilco,1,San Mateo Xalpa,13,Xochimilco,2,Primavera-Verano,1,Riego,200206,Planta,1504000,DALIA (PLANTA),1.5,1.5,0.0,192000.0,128000.0,18.0,3456000.0,09013
2025,9,Ciudad de México,42,Xochimilco,1,San Mateo Xalpa,13,Xochimilco,2,Primavera-Verano,1,Riego,200201,Tonelada,5010000,ACELGA,11.0,11.0,0.0,159.5,14.5,8726.33,1391849.64,09013
2025,9,Ciudad de México,42,Xochimilco,1,San Mateo Xalpa,13,Xochimilco,2,Primavera-Verano,1,Riego,200203,Gruesa,5230000,ALHELÍ (GRUESA),1.0,1.0,0.0,560.0,560.0,160.0,89600.0,09013
2025,9,Ciudad de México,42,Xochimilco,1,San Mateo Xalpa,13,Xochimilco,2,Primavera-Verano,1,Riego,200206,Planta,5395000,ARETILLO (PLANTA),2.6,2.6,0.0,260000.0,100000.0,15.0,3900000.0,09013
2025,9,Ciudad de México,42,Xochimilco,1,San Mateo Xalpa,13,Xochimilco,2,Primavera-Verano,1,Riego,200206,Planta,5600000,BEGONIA (PLANTA),4.0,4.0,0.0,440000.0,110000.0,20.0,8800000.0,09013
2025,9,Ciudad de México,42,Xochimilco,1,San Mateo Xalpa,13,Xochimilco,2,Primavera-Verano,1,Riego,200206,Planta,5605000,BELÉN (PLANTA),4.8,4.8,0.0,576000.0,120000.0,15.0,8640000.0,09013
2025,9,Ciudad de México,42,Xochimilco,1,San Mateo Xalpa,13,Xochimilco,2,Primavera-Verano,1,Riego,200201,Tonelada,5670000,BRÓCOLI,4.0,4.0,0.0,56.0,14.0,6960.0,389760.0,09013
2025,9,Ciudad de México,42,Xochimilco,1,San Mateo Xalpa,13,Xochimilco,2,Primavera-Verano,1,Riego,200201,Tonelada,5740000,CALABACITA,5.0,5.0,0.0,50.0,10.0,11200.0,560000.0,09013
2025,9,Ciudad de México,42,Xochimilco,1,San Mateo Xalpa,13,Xochimilco,2,Primavera-Verano,1,Riego,200201,Tonelada,6120000,CHILE VERDE,0.5,0.5,0.0,2.4,4.8,13900.0,33360.0,09013
2025,9,Ciudad de México,42,Xochimilco,1,San Mateo Xalpa,13,Xochimilco,2,Primavera-Verano,1,Riego,200206,Planta,6210000,CINERARIA (PLANTA),3.0,3.0,0.0,360000.0,120000.0,17.0,6120000.0,09013
2025,9,Ciudad de México,42,Xochimilco,1,San Mateo Xalpa,13,Xochimilco,2,Primavera-Verano,1,Riego,200201,Tonelada,6310000,COL (REPOLLO),1.0,1.0,0.0,10.0,10.0,11000.0,110000.0,09013
2025,9,Ciudad de México,42,Xochimilco,1,San Mateo Xalpa,13,Xochimilco,2,Primavera-Verano,1,Riego,200206,Planta,6455000,CRISANTEMO (PLANTA),3.6,3.6,0.0,450000.0,125000.0,16.19,7285500.0,09013
2025,9,Ciudad de México,42,Xochimilco,1,San Mateo Xalpa,13,Xochimilco,2,Primavera-Verano,1,Riego,200206,Planta,6460000,CYCLAMEN (PLANTA),4.2,4.2,0.0,420000.0,100000.0,30.86,12961200.0,09013
2025,9,Ciudad de México,42,Xochimilco,1,San Mateo Xalpa,13,Xochimilco,2,Primavera-Verano,1,Riego,200201,Tonelada,6670000,ESPINACA,31.0,31.0,0.0,341.0,11.0,9269.8,3161001.8,09013
2025,9,Ciudad de México,42,Xochimilco,1,San Mateo Xalpa,13,Xochimilco,2,Primavera-Verano,1,Riego,200206,Planta,6920000,GERANIO (PLANTA),14.0,14.0,0.0,1610000.0,115000.0,18.7,30107000.0,09013
2025,9,Ciudad de México,42,Xochimilco,1,San Mateo Xalpa,13,Xochimilco,2,Primavera-Verano,1,Riego,200201,Tonelada,7330000,LECHUGA,84.0,84.0,0.0,906.0,10.79,7880.6,7139823.78,09013
2025,9,Ciudad de México,42,Xochimilco,1,San Mateo Xalpa,13,Xochimilco,2,Primavera-Verano,1,Riego,200206,Planta,7375000,LILIUM (PLANTA),3.5,3.5,0.0,455000.0,130000.0,19.55,8895250.0,09013
2025,9,Ciudad de México,42,Xochimilco,1,San Mateo Xalpa,13,Xochimilco,2,Primavera-Verano,1,Riego,200206,Planta,7900000,NOCHEBUENA (PLANTA),22.0,22.0,0.0,2607000.0,118500.0,70.0,182490000.0,09013
2025,9,Ciudad de México,42,Xochimilco,1,San Mateo Xalpa,13,Xochimilco,2,Primavera-Verano,1,Riego,200206,Planta,8270000,PETUNIA (PLANTA),4.0,4.0,0.0,420000.0,105000.0,24.78,10407600.0,09013
2025,9,Ciudad de México,42,Xochimilco,1,San Mateo Xalpa,13,Xochimilco,2,Primavera-Verano,1,Riego,200201,Tonelada,8490000,RÁBANO,1.5,1.5,0.0,27.0,18.0,8833.33,238499.91,09013
2025,9,Ciudad de México,42,Xochimilco,1,San Mateo Xalpa,13,Xochimilco,2,Primavera-Verano,1,Riego,200201,Tonelada,8580000,ROMERITO,18.0,18.0,0.0,135.0,7.5,8334.07,1125099.45,09013
2025,9,Ciudad de México,42,Xochimilco,1,San Mateo Xalpa,13,Xochimilco,2,Primavera-Verano,1,Riego,200206,Planta,8620000,ROSA (PLANTA),10.0,10.0,0.0,1050000.0,105000.0,16.0,16800000.0,09013
2025,9,Ciudad de México,42,Xochimilco,1,San Mateo Xalpa,13,Xochimilco,2,Primavera-Verano,1,Riego,200201,Tonelada,9170000,VERDOLAGA,33.5,33.5,0.0,385.25,11.5,8383.19,3229623.95,09013
2025,9,Ciudad de México,42,Xochimilco,1,San Mateo Xalpa,13,Xochimilco,2,Primavera-Verano,1,Riego,200206,Planta,9380000,ZEMPOALXOCHITL (PLANTA),14.0,14.0,0.0,1820000.0,130000.0,15.75,28665000.0,09013
2025,9,Ciudad de México,42,Xochimilco,1,San Mateo Xalpa,13,Xochimilco,2,Primavera-Verano,2,Temporal,200201,Tonelada,5010000,ACELGA,2.0,2.0,0.0,24.0,12.0,8400.0,201600.0,09013
2025,9,Ciudad de México,42,Xochimilco,1,San Mateo Xalpa,13,Xochimilco,2,Primavera-Verano,2,Temporal,200201,Tonelada,5340000,AMARANTO,82.0,82.0,0.0,102.5,1.25,16471.36,1688314.4,09013
2025,9,Ciudad de México,42,Xochimilco,1,San Mateo Xalpa,13,Xochimilco,2,Primavera-Verano,2,Temporal,200201,Tonelada,5490000,AVENA FORRAJERA EN VERDE,233.0,233.0,0.0,3495.0,15.0,1566.37,5474463.15,09013
2025,9,Ciudad de México,42,Xochimilco,1,San Mateo Xalpa,13,Xochimilco,2,Primavera-Verano,2,Temporal,200201,Tonelada,5740000,CALABACITA,24.0,24.0,0.0,192.0,8.0,11463.54,2200999.68,09013
2025,9,Ciudad de México,42,Xochimilco,1,San Mateo Xalpa,13,Xochimilco,2,Primavera-Verano,2,Temporal,200201,Tonelada,6540000,EBO (JANAMARGO O VEZA),33.0,33.0,0.0,363.0,11.0,1678.31,609226.53,09013
2025,9,Ciudad de México,42,Xochimilco,1,San Mateo Xalpa,13,Xochimilco,2,Primavera-Verano,2,Temporal,200201,Tonelada,6610000,ELOTE,110.0,110.0,0.0,1100.0,10.0,11890.91,13080001.0,09013
2025,9,Ciudad de México,42,Xochimilco,1,San Mateo Xalpa,13,Xochimilco,2,Primavera-Verano,2,Temporal,200201,Tonelada,6840000,FRIJOL,7.5,7.5,0.0,4.35,0.58,26843.0,116767.05,09013
2025,9,Ciudad de México,42,Xochimilco,1,San Mateo Xalpa,13,Xochimilco,2,Primavera-Verano,2,Temporal,200201,Tonelada,7110000,HABA VERDE,41.0,41.0,0.0,181.53,4.43,12188.3,2212542.49,09013
2025,9,Ciudad de México,42,Xochimilco,1,San Mateo Xalpa,13,Xochimilco,2,Primavera-Verano,2,Temporal,200201,Tonelada,7490000,MAÍZ GRANO,669.0,669.0,0.0,936.6,1.4,7962.11,7457312.23,09013
2025,9,Ciudad de México,42,Xochimilco,1,San Mateo Xalpa,13,Xochimilco,2,Primavera-Verano,2,Temporal,200205,Manojo,7950000,NUBE (MANOJO),0.2,0.2,0.0,180.0,900.0,150.0,27000.0,09013
2025,9,Ciudad de México,42,Xochimilco,1,San Mateo Xalpa,13,Xochimilco,2,Primavera-Verano,2,Temporal,200201,Tonelada,8490000,RÁBANO,5.0,5.0,0.0,75.0,15.0,8560.0,642000.0,09013
2025,9,Ciudad de México,42,Xochimilco,1,San Mateo Xalpa,13,Xochimilco,3,Perennes,2,Temporal,200201,Tonelada,5000000,ACEITUNA,3.0,0.0,0.0,0.0,,,0.0,09013
2025,9,Ciudad de México,42,Xochimilco,1,San Mateo Xalpa,13,Xochimilco,3,Perennes,2,Temporal,200201,Tonelada,5840000,CAPULÍN,3.1,3.0,0.0,3.69,1.23,9000.0,33210.0,09013
2025,9,Ciudad de México,42,Xochimilco,1,San Mateo Xalpa,13,Xochimilco,3,Perennes,2,Temporal,200201,Tonelada,6220000,CIRUELA,6.7,5.0,0.0,16.5,3.3,10050.0,165825.0,09013
2025,9,Ciudad de México,42,Xochimilco,1,San Mateo Xalpa,13,Xochimilco,3,Perennes,2,Temporal,200201,Tonelada,6530000,DURAZNO,10.3,6.0,0.0,30.0,5.0,14550.0,436500.0,09013
2025,9,Ciudad de México,42,Xochimilco,1,San Mateo Xalpa,13,Xochimilco,3,Perennes,2,Temporal,200201,Tonelada,7580000,MANZANA,3.6,2.0,0.0,15.0,7.5,16000.0,240000.0,09013
2025,9,Ciudad de México,42,Xochimilco,1,San Mateo Xalpa,13,Xochimilco,3,Perennes,2,Temporal,200201,Tonelada,7920000,NOPALITOS,29.0,29.0,0.0,2400.01,82.76,4633.2,11119726.33,09013
2025,9,Ciudad de México,42,Xochimilco,1,San Mateo Xalpa,13,Xochimilco,3,Perennes,2,Temporal,200201,Tonelada,8230000,PERA,6.1,3.6,0.0,23.4,6.5,10000.0,234000.0,09013
2025,9,Ciudad de México,42,Xochimilco,1,San Mateo Xalpa,13,Xochimilco,3,Perennes,2,Temporal,200201,Tonelada,8930000,TEJOCOTE,0.7,0.6,0.0,2.01,3.35,12550.0,25225.5,09013
2025,12,Guerrero,54,Las Vigas,2,Acapulco,1,Acapulco de Juárez,1,Otoño-Invierno,1,Riego,200201,Tonelada,5740000,CALABACITA,15.6,15.6,0.0,210.58,13.5,8180.05,1722554.93,12001
2025,12,Guerrero,54,Las Vigas,2,Acapulco,1,Acapulco de Juárez,1,Otoño-Invierno,1,Riego,200201,Tonelada,6110000,CHILE SECO,7.5,7.5,0.0,5.45,0.73,71442.32,389360.64,12001
2025,12,Guerrero,54,Las Vigas,2,Acapulco,1,Acapulco de Juárez,1,Otoño-Invierno,1,Riego,200201,Tonelada,6120000,CHILE VERDE,9.25,9.25,0.0,86.59,9.36,12156.41,1052623.54,12001
2025,12,Guerrero,54,Las Vigas,2,Acapulco,1,Acapulco de Juárez,1,Otoño-Invierno,1,Riego,200201,Tonelada,6840000,FRIJOL,108.1,108.1,0.0,96.0,0.89,14556.82,1397454.43,12001
2025,12,Guerrero,54,Las Vigas,2,Acapulco,1,Acapulco de Juárez,1,Otoño-Invierno,1,Riego,200201,Tonelada,7490000,MAÍZ GRANO,421.0,421.0,0.0,1470.54,3.49,5510.63,8103601.84,12001
2025,12,Guerrero,54,Las Vigas,2,Acapulco,1,Acapulco de Juárez,1,Otoño-Invierno,1,Riego,200201,Tonelada,8210000,PEPINO,8.0,8.0,0.0,133.5,16.69,7990.22,1066694.37,12001
2025,12,Guerrero,54,Las Vigas,2,Acapulco,1,Acapulco de Juárez,1,Otoño-Invierno,1,Riego,200201,Tonelada,8710000,SANDÍA,184.5,184.5,0.0,4183.12,22.67,7193.81,30092568.02,12001
2025,12,Guerrero,54,Las Vigas,2,Acapulco,1,Acapulco de Juárez,1,Otoño-Invierno,1,Riego,200201,Tonelada,8810000,SORGO GRANO,18.6,18.6,0.0,64.2,3.45,5677.66,364505.77,12001
2025,12,Guerrero,54,Las Vigas,2,Acapulco,1,Acapulco de Juárez,1,Otoño-Invierno,1,Riego,200201,Tonelada,8970000,TOMATE ROJO (JITOMATE),69.25,69.25,0.0,1835.05,26.5,8513.02,15621815.36,12001
2025,12,Guerrero,54,Las Vigas,2,Acapulco,1,Acapulco de Juárez,1,Otoño-Invierno,1,Riego,200201,Tonelada,8980000,TOMATE VERDE,90.5,90.5,0.0,1387.37,15.33,8293.32,11505903.37,12001
2025,12,Guerrero,54,Las Vigas,2,Acapulco,1,Acapulco de Juárez,1,Otoño-Invierno,2,Temporal,200201,Tonelada,6120000,CHILE VERDE,6.0,6.0,0.0,50.2,8.37,12442.96,624636.59,12001
2025,12,Guerrero,54,Las Vigas,2,Acapulco,1,Acapulco de Juárez,1,Otoño-Invierno,2,Temporal,200201,Tonelada,6840000,FRIJOL,7.0,7.0,0.0,5.39,0.77,14384.82,77534.18,12001
2025,12,Guerrero,54,Las Vigas,2,Acapulco,1,Acapulco de Juárez,1,Otoño-Invierno,2,Temporal,200201,Tonelada,7490000,MAÍZ GRANO,145.5,145.5,0.0,466.21,3.2,5436.48,2534541.34,12001
2025,12,Guerrero,54,Las Vigas,2,Acapulco,1,Acapulco de Juárez,1,Otoño-Invierno,2,Temporal,200201,Tonelada,8710000,SANDÍA,12.0,12.0,0.0,239.28,19.94,5015.51,1200111.23,12001
2025,12,Guerrero,54,Las Vigas,2,Acapulco,1,Acapulco de Juárez,1,Otoño-Invierno,2,Temporal,200201,Tonelada,8810000,SORGO GRANO,4.0,4.0,0.0,13.12,3.28,5770.1,75703.71,12001
2025,12,Guerrero,54,Las Vigas,2,Acapulco,1,Acapulco de Juárez,1,Otoño-Invierno,2,Temporal,200201,Tonelada,8970000,TOMATE ROJO (JITOMATE),4.0,4.0,0.0,65.72,16.43,8797.89,578197.33,12001
2025,12,Guerrero,54,Las Vigas,2,Acapulco,1,Acapulco de Juárez,1,Otoño-Invierno,2,Temporal,200201,Tonelada,8980000,TOMATE VERDE,8.0,8.0,0.0,130.48,16.31,7535.25,983199.42,12001
2025,12,Guerrero,54,Las Vigas,2,Acapulco,1,Acapulco de Juárez,2,Primavera-Verano,1,Riego,200201,Tonelada,5690000,CACAHUATE,10.0,10.0,0.0,18.5,1.85,15960.0,295260.0,12001
2025,12,Guerrero,54,Las Vigas,2,Acapulco,1,Acapulco de Juárez,2,Primavera-Verano,1,Riego,200201,Tonelada,5740000,CALABACITA,41.0,41.0,0.0,475.19,11.59,8000.0,3801520.0,12001
2025,12,Guerrero,54,Las Vigas,2,Acapulco,1,Acapulco de Juárez,2,Primavera-Verano,1,Riego,200201,Tonelada,6120000,CHILE VERDE,14.83,14.83,0.0,120.57,8.13,8990.0,1083924.3,12001
2025,12,Guerrero,54,Las Vigas,2,Acapulco,1,Acapulco de Juárez,2,Primavera-Verano,1,Riego,200201,Tonelada,6840000,FRIJOL,63.13,63.13,0.0,58.08,0.92,15455.0,897626.4,12001
2025,12,Guerrero,54,Las Vigas,2,Acapulco,1,Acapulco de Juárez,2,Primavera-Verano,1,Riego,200201,Tonelada,7490000,MAÍZ GRANO,271.22,271.22,0.0,989.95,3.65,5982.67,5922539.57,12001
2025,12,Guerrero,54,Las Vigas,2,Acapulco,1,Acapulco de Juárez,2,Primavera-Verano,1,Riego,200201,Tonelada,8210000,PEPINO,11.42,11.42,0.0,167.76,14.69,6700.0,1123992.0,12001
2025,12,Guerrero,54,Las Vigas,2,Acapulco,1,Acapulco de Juárez,2,Primavera-Verano,1,Riego,200201,Tonelada,8710000,SANDÍA,26.18,26.18,0.0,576.63,22.03,4924.34,2839522.05,12001
2025,12,Guerrero,54,Las Vigas,2,Acapulco,1,Acapulco de Juárez,2,Primavera-Verano,1,Riego,200201,Tonelada,8980000,TOMATE VERDE,50.0,50.0,0.0,827.0,16.54,7614.0,6296778.0,12001
2025,12,Guerrero,54,Las Vigas,2,Acapulco,1,Acapulco de Juárez,2,Primavera-Verano,2,Temporal,200201,Tonelada,5080000,AJONJOLÍ,260.6,260.6,0.0,185.5,0.71,19865.37,3685026.14,12001
2025,12,Guerrero,54,Las Vigas,2,Acapulco,1,Acapulco de Juárez,2,Primavera-Verano,2,Temporal,200201,Tonelada,5690000,CACAHUATE,51.0,51.0,0.0,81.6,1.6,16000.0,1305600.0,12001
2025,12,Guerrero,54,Las Vigas,2,Acapulco,1,Acapulco de Juárez,2,Primavera-Verano,2,Temporal,200201,Tonelada,5760000,CALABAZA,258.77,258.77,0.0,2295.29,8.87,5000.0,11476450.0,12001
2025,12,Guerrero,54,Las Vigas,2,Acapulco,1,Acapulco de Juárez,2,Primavera-Verano,2,Temporal,200201,Tonelada,5770000,CALABAZA SEMILLA O CHIHUA,1275.3,1275.3,0.0,701.42,0.55,34000.0,23848280.0,12001
2025,12,Guerrero,54,Las Vigas,2,Acapulco,1,Acapulco de Juárez,2,Primavera-Verano,2,Temporal,200201,Tonelada,6120000,CHILE VERDE,6.5,6.5,0.0,40.17,6.18,12350.5,496119.59,12001
2025,12,Guerrero,54,Las Vigas,2,Acapulco,1,Acapulco de Juárez,2,Primavera-Verano,2,Temporal,200201,Tonelada,6840000,FRIJOL,321.5,321.5,0.0,257.2,0.8,15191.29,3907199.79,12001
2025,12,Guerrero,54,Las Vigas,2,Acapulco,1,Acapulco de Juárez,2,Primavera-Verano,2,Temporal,200201,Tonelada,7220000,JAMAICA,1520.0,1520.0,0.0,550.0,0.36,35640.0,19602000.0,12001
2025,12,Guerrero,54,Las Vigas,2,Acapulco,1,Acapulco de Juárez,2,Primavera-Verano,2,Temporal,200201,Tonelada,7490000,MAÍZ GRANO,19795.61,19795.61,0.0,73441.71,3.71,4276.47,314071269.6,12001
2025,12,Guerrero,54,Las Vigas,2,Acapulco,1,Acapulco de Juárez,2,Primavera-Verano,2,Temporal,200201,Tonelada,8210000,PEPINO,10.25,10.25,0.0,145.65,14.21,6370.0,927790.5,12001
2025,12,Guerrero,54,Las Vigas,2,Acapulco,1,Acapulco de Juárez,2,Primavera-Verano,2,Temporal,200201,Tonelada,8710000,SANDÍA,265.47,265.47,0.0,5141.05,19.37,4596.9,23632912.68,12001
2025,12,Guerrero,54,Las Vigas,2,Acapulco,1,Acapulco de Juárez,2,Primavera-Verano,2,Temporal,200201,Tonelada,8810000,SORGO GRANO,24.5,24.5,0.0,64.93,2.65,5000.0,324650.0,12001
2025,12,Guerrero,54,Las Vigas,2,Acapulco,1,Acapulco de Juárez,2,Primavera-Verano,2,Temporal,200201,Tonelada,8980000,TOMATE VERDE,64.0,64.0,0.0,831.52,12.99,5000.0,4157600.0,12001
2025,12,Guerrero,54,Las Vigas,2,Acapulco,1,Acapulco de Juárez,3,Perennes,1,Riego,200201,Tonelada,5060000,AGUACATE,2.0,2.0,0.0,16.3,8.15,9601.25,156500.38,12001
2025,12,Guerrero,54,Las Vigas,2,Acapulco,1,Acapulco de Juárez,3,Perennes,1,Riego,200201,Tonelada,5822000,CAÑA DE AZÚCAR PILONCILLO,7.0,7.0,0.0,174.3,24.9,900.0,156870.0,12001
2025,12,Guerrero,54,Las Vigas,2,Acapulco,1,Acapulco de Juárez,3,Perennes,1,Riego,200201,Tonelada,6300000,COCO FRUTA,35.0,35.0,0.0,416.15,11.89,3835.72,1596234.88,12001
2025,12,Guerrero,54,Las Vigas,2,Acapulco,1,Acapulco de Juárez,3,Perennes,1,Riego,200201,Tonelada,6400000,COPRA,22.0,18.0,0.0,45.18,2.51,8970.15,405271.38,12001
2025,12,Guerrero,54,Las Vigas,2,Acapulco,1,Acapulco de Juárez,3,Perennes,1,Riego,200201,Tonelada,7390000,LIMÓN,265.0,263.0,0.0,3326.95,12.65,5993.67,19940640.41,12001
2025,12,Guerrero,54,Las Vigas,2,Acapulco,1,Acapulco de Juárez,3,Perennes,1,Riego,200201,Tonelada,7560000,MANGO,31.0,22.0,0.0,330.08,15.0,7825.68,2583099.46,12001
2025,12,Guerrero,54,Las Vigas,2,Acapulco,1,Acapulco de Juárez,3,Perennes,1,Riego,200201,Tonelada,7600000,MARACUYÁ,5.0,5.0,0.0,39.0,7.8,4800.0,187200.0,12001
2025,12,Guerrero,54,Las Vigas,2,Acapulco,1,Acapulco de Juárez,3,Perennes,1,Riego,200201,Tonelada,8130000,PAPAYA,19.0,19.0,0.0,366.51,19.29,6148.26,2253398.77,12001
2025,12,Guerrero,54,Las Vigas,2,Acapulco,1,Acapulco de Juárez,3,Perennes,1,Riego,200217,Metro cuadrado,8150000,PASTO TAPETE (M2),22.0,22.0,0.0,159605.09,7254.78,40.36,6441661.23,12001
2025,12,Guerrero,54,Las Vigas,2,Acapulco,1,Acapulco de Juárez,3,Perennes,1,Riego,200201,Tonelada,8390000,PLÁTANO,37.0,37.0,0.0,879.21,23.76,5825.11,5121495.3,12001
2025,12,Guerrero,54,Las Vigas,2,Acapulco,1,Acapulco de Juárez,3,Perennes,1,Riego,200203,Gruesa,8610000,ROSA (GRUESA),5.0,5.0,0.0,5730.0,1146.0,393.78,2256359.4,12001
2025,12,Guerrero,54,Las Vigas,2,Acapulco,1,Acapulco de Juárez,3,Perennes,1,Riego,200201,Tonelada,15050000,PASTOS Y PRADERAS,9.0,9.0,0.0,210.5,23.39,858.48,180710.04,12001
2025,12,Guerrero,54,Las Vigas,2,Acapulco,1,Acapulco de Juárez,3,Perennes,2,Temporal,200201,Tonelada,5060000,AGUACATE,9.0,9.0,0.0,65.88,7.32,9070.0,597531.6,12001
2025,12,Guerrero,54,Las Vigas,2,Acapulco,1,Acapulco de Juárez,3,Perennes,2,Temporal,200201,Tonelada,6220000,CIRUELA,38.0,34.0,0.0,197.26,5.8,5769.96,1138182.31,12001
2025,12,Guerrero,54,Las Vigas,2,Acapulco,1,Acapulco de Juárez,3,Perennes,2,Temporal,200201,Tonelada,6300000,COCO FRUTA,83.0,83.0,0.0,980.23,11.81,3227.46,3163653.12,12001
2025,12,Guerrero,54,Las Vigas,2,Acapulco,1,Acapulco de Juárez,3,Perennes,2,Temporal,200201,Tonelada,6400000,COPRA,4751.0,4745.0,0.0,9490.0,2.0,9124.82,86594541.8,12001
2025,12,Guerrero,54,Las Vigas,2,Acapulco,1,Acapulco de Juárez,3,Perennes,2,Temporal,200201,Tonelada,7050000,GUANÁBANA,8.0,6.0,0.0,39.48,6.58,5821.67,229839.53,12001
2025,12,Guerrero,54,Las Vigas,2,Acapulco,1,Acapulco de Juárez,3,Perennes,2,Temporal,200201,Tonelada,7390000,LIMÓN,2502.0,2498.0,0.0,33099.65,13.25,6132.48,202982941.6,12001
2025,12,Guerrero,54,Las Vigas,2,Acapulco,1,Acapulco de Juárez,3,Perennes,2,Temporal,200201,Tonelada,7560000,MANGO,792.0,770.0,0.0,10629.86,13.81,6905.7,73406635.21,12001
2025,12,Guerrero,54,Las Vigas,2,Acapulco,1,Acapulco de Juárez,3,Perennes,2,Temporal,200201,Tonelada,7610000,MARAÑÓN,4.5,4.5,0.0,19.5,4.33,4245.77,82792.52,12001
2025,12,Guerrero,54,Las Vigas,2,Acapulco,1,Acapulco de Juárez,3,Perennes,2,Temporal,200201,Tonelada,7830000,NANCHE,7.0,5.0,0.0,28.58,5.72,4798.6,137143.99,12001
2025,12,Guerrero,54,Las Vigas,2,Acapulco,1,Acapulco de Juárez,3,Perennes,2,Temporal,200201,Tonelada,7850000,NARANJA,3.0,3.0,0.0,31.54,10.51,4962.21,156508.21,12001
2025,12,Guerrero,54,Las Vigas,2,Acapulco,1,Acapulco de Juárez,3,Perennes,2,Temporal,200201,Tonelada,7920000,NOPALITOS,4.0,4.0,0.0,22.6,5.65,5017.51,113395.73,12001
2025,12,Guerrero,54,Las Vigas,2,Acapulco,1,Acapulco de Juárez,3,Perennes,2,Temporal,200201,Tonelada,8390000,PLÁTANO,21.5,17.5,0.0,406.79,23.25,5995.18,2438777.38,12001
2025,12,Guerrero,54,Las Vigas,2,Acapulco,1,Acapulco de Juárez,3,Perennes,2,Temporal,200201,Tonelada,8880000,TAMARINDO,30.0,26.0,0.0,128.8,4.95,6339.83,816570.1,12001
2025,12,Guerrero,54,Las Vigas,2,Acapulco,1,Acapulco de Juárez,3,Perennes,2,Temporal,200201,Tonelada,15050000,PASTOS Y PRADERAS,402.0,402.0,0.0,9531.42,23.71,842.75,8032604.21,12001
2025,12,Guerrero,54,Las Vigas,2,Acapulco,39,Juan R. Escudero,1,Otoño-Invierno,1,Riego,200201,Tonelada,6120000,CHILE VERDE,5.0,5.0,0.0,46.98,9.4,12665.32,595016.73,12039
2025,12,Guerrero,54,Las Vigas,2,Acapulco,39,Juan R. Escudero,1,Otoño-Invierno,1,Riego,200201,Tonelada,6840000,FRIJOL,28.25,28.25,0.0,24.58,0.87,14980.36,368217.25,12039
2025,12,Guerrero,54,Las Vigas,2,Acapulco,39,Juan R. Escudero,1,Otoño-Invierno,1,Riego,200201,Tonelada,7490000,MAÍZ GRANO,175.44,175.44,0.0,605.27,3.45,5555.47,3362560.32,12039
2025,12,Guerrero,54,Las Vigas,2,Acapulco,39,Juan R. Escudero,1,Otoño-Invierno,1,Riego,200201,Tonelada,8710000,SANDÍA,51.0,51.0,0.0,1185.94,23.25,6694.85,7939689.63,12039
2025,12,Guerrero,54,Las Vigas,2,Acapulco,39,Juan R. Escudero,1,Otoño-Invierno,1,Riego,200201,Tonelada,8810000,SORGO GRANO,10.5,10.5,0.0,38.25,3.64,5570.5,213071.63,12039
2025,12,Guerrero,54,Las Vigas,2,Acapulco,39,Juan R. Escudero,1,Otoño-Invierno,1,Riego,200201,Tonelada,8970000,TOMATE ROJO (JITOMATE),0.52,0.52,0.0,14.15,27.21,9350.14,132304.48,12039
2025,12,Guerrero,54,Las Vigas,2,Acapulco,39,Juan R. Escudero,1,Otoño-Invierno,1,Riego,200201,Tonelada,8980000,TOMATE VERDE,13.5,13.5,0.0,210.5,15.59,9436.88,1986463.24,12039
2025,12,Guerrero,54,Las Vigas,2,Acapulco,39,Juan R. Escudero,2,Primavera-Verano,2,Temporal,200201,Tonelada,5080000,AJONJOLÍ,34.5,34.5,0.0,29.67,0.86,19286.96,572244.1,12039
2025,12,Guerrero,54,Las Vigas,2,Acapulco,39,Juan R. Escudero,2,Primavera-Verano,2,Temporal,200201,Tonelada,5690000,CACAHUATE,8.0,8.0,0.0,15.04,1.88,15600.0,234624.0,12039
2025,12,Guerrero,54,Las Vigas,2,Acapulco,39,Juan R. Escudero,2,Primavera-Verano,2,Temporal,200201,Tonelada,5770000,CALABAZA SEMILLA O CHIHUA,875.0,875.0,0.0,612.5,0.7,34000.0,20825000.0,12039
2025,12,Guerrero,54,Las Vigas,2,Acapulco,39,Juan R. Escudero,2,Primavera-Verano,2,Temporal,200201,Tonelada,6120000,CHILE VERDE,6.0,6.0,0.0,32.64,5.44,5050.0,164832.0,12039
2025,12,Guerrero,54,Las Vigas,2,Acapulco,39,Juan R. Escudero,2,Primavera-Verano,2,Temporal,200201,Tonelada,6840000,FRIJOL,30.0,30.0,0.0,24.9,0.83,15167.07,377660.04,12039
2025,12,Guerrero,54,Las Vigas,2,Acapulco,39,Juan R. Escudero,2,Primavera-Verano,2,Temporal,200201,Tonelada,7220000,JAMAICA,410.0,410.0,0.0,159.9,0.39,34580.0,5529342.0,12039
2025,12,Guerrero,54,Las Vigas,2,Acapulco,39,Juan R. Escudero,2,Primavera-Verano,2,Temporal,200201,Tonelada,7490000,MAÍZ GRANO,5735.26,5735.26,0.0,18352.83,3.2,5528.74,101468025.3,12039
2025,12,Guerrero,54,Las Vigas,2,Acapulco,39,Juan R. Escudero,3,Perennes,1,Riego,200201,Tonelada,7560000,MANGO,53.0,42.5,0.0,633.06,14.9,7050.82,4463592.69,12039
2025,12,Guerrero,54,Las Vigas,2,Acapulco,39,Juan R. Escudero,3,Perennes,1,Riego,200201,Tonelada,8130000,PAPAYA,27.0,27.0,0.0,579.1,21.45,7558.84,4377326.33,12039
2025,12,Guerrero,54,Las Vigas,2,Acapulco,39,Juan R. Escudero,3,Perennes,1,Riego,200201,Tonelada,15050000,PASTOS Y PRADERAS,25.0,25.0,0.0,585.5,23.42,845.46,495016.83,12039
2025,12,Guerrero,54,Las Vigas,2,Acapulco,39,Juan R. Escudero,3,Perennes,2,Temporal,200201,Tonelada,6220000,CIRUELA,88.0,78.0,0.0,401.7,5.15,5323.59,2138486.1,12039
2025,12,Guerrero,54,Las Vigas,2,Acapulco,39,Juan R. Escudero,3,Perennes,2,Temporal,200201,Tonelada,6400000,COPRA,46.0,40.0,0.0,82.42,2.06,8866.9,730809.9,12039
2025,12,Guerrero,54,Las Vigas,2,Acapulco,39,Juan R. Escudero,3,Perennes,2,Temporal,200201,Tonelada,7050000,GUANÁBANA,8.0,6.0,0.0,37.14,6.19,5132.99,190639.25,12039
2025,12,Guerrero,54,Las Vigas,2,Acapulco,39,Juan R. Escudero,3,Perennes,2,Temporal,200201,Tonelada,7390000,LIMÓN,37.0,35.0,0.0,411.6,11.76,5912.91,2433753.76,12039
2025,12,Guerrero,54,Las Vigas,2,Acapulco,39,Juan R. Escudero,3,Perennes,2,Temporal,200201,Tonelada,7540000,MAMEY,4.0,4.0,0.0,34.88,8.72,6219.01,216919.07,12039
2025,12,Guerrero,54,Las Vigas,2,Acapulco,39,Juan R. Escudero,3,Perennes,2,Temporal,200201,Tonelada,7560000,MANGO,334.0,329.0,0.0,4361.2,13.26,5705.21,24881550.8,12039
2025,12,Guerrero,54,Las Vigas,2,Acapulco,39,Juan R. Escudero,3,Perennes,2,Temporal,200201,Tonelada,7830000,NANCHE,56.0,52.0,0.0,293.8,5.65,4542.69,1334642.32,12039
2025,12,Guerrero,54,Las Vigas,2,Acapulco,39,Juan R. Escudero,3,Perennes,2,Temporal,200201,Tonelada,8130000,PAPAYA,25.0,25.0,0.0,541.9,21.68,6599.02,3576009.99,12039
2025,12,Guerrero,54,Las Vigas,2,Acapulco,39,Juan R. Escudero,3,Perennes,2,Temporal,200201,Tonelada,8880000,TAMARINDO,15.0,15.0,0.0,77.55,5.17,6476.13,502223.88,12039
2025,12,Guerrero,54,Las Vigas,2,Acapulco,39,Juan R. Escudero,3,Perennes,2,Temporal,200201,Tonelada,15050000,PASTOS Y PRADERAS,7453.0,7453.0,0.0,165083.95,22.15,846.89,139807946.4,12039
2025,12,Guerrero,56,Chilpancingo,1,Tixtla,29,Chilpancingo de Los Bravo,1,Otoño-Invierno,1,Riego,200201,Tonelada,6120000,CHILE VERDE,6.0,6.0,0.0,52.41,8.74,13151.47,689268.54,12029
2025,12,Guerrero,56,Chilpancingo,1,Tixtla,29,Chilpancingo de Los Bravo,1,Otoño-Invierno,1,Riego,200201,Tonelada,6840000,FRIJOL,66.5,66.5,0.0,56.21,0.85,14102.54,792703.77,12029
2025,12,Guerrero,56,Chilpancingo,1,Tixtla,29,Chilpancingo de Los Bravo,1,Otoño-Invierno,1,Riego,200201,Tonelada,7490000,MAÍZ GRANO,535.47,535.47,0.0,2061.56,3.85,5094.26,10502120.1,12029
2025,12,Guerrero,56,Chilpancingo,1,Tixtla,29,Chilpancingo de Los Bravo,1,Otoño-Invierno,1,Riego,200201,Tonelada,8710000,SANDÍA,6.5,6.5,0.0,176.38,27.14,4864.56,858011.09,12029
2025,12,Guerrero,56,Chilpancingo,1,Tixtla,29,Chilpancingo de Los Bravo,1,Otoño-Invierno,1,Riego,200201,Tonelada,8790000,SORGO FORRAJERO EN VERDE,62.58,62.58,0.0,2019.46,32.27,995.9,2011176.83,12029
2025,12,Guerrero,56,Chilpancingo,1,Tixtla,29,Chilpancingo de Los Bravo,1,Otoño-Invierno,1,Riego,200201,Tonelada,8970000,TOMATE ROJO (JITOMATE),45.6,45.6,0.0,1455.21,31.91,8176.31,11898248.08,12029
2025,12,Guerrero,56,Chilpancingo,1,Tixtla,29,Chilpancingo de Los Bravo,1,Otoño-Invierno,1,Riego,200201,Tonelada,8980000,TOMATE VERDE,12.0,12.0,0.0,258.18,21.52,7146.48,1845078.21,12029
2025,12,Guerrero,56,Chilpancingo,1,Tixtla,29,Chilpancingo de Los Bravo,1,Otoño-Invierno,2,Temporal,200201,Tonelada,6900000,GARBANZO GRANO,8.5,8.5,0.0,7.14,0.84,9752.15,69630.35,12029
2025,12,Guerrero,56,Chilpancingo,1,Tixtla,29,Chilpancingo de Los Bravo,2,Primavera-Verano,1,Riego,200201,Tonelada,8970000,TOMATE ROJO (JITOMATE),6.5,6.5,0.0,215.6,33.17,8631.33,1860914.75,12029
2025,12,Guerrero,56,Chilpancingo,1,Tixtla,29,Chilpancingo de Los Bravo,2,Primavera-Verano,2,Temporal,200201,Tonelada,5690000,CACAHUATE,10.0,10.0,0.0,12.7,1.27,12195.21,154879.17,12029
2025,12,Guerrero,56,Chilpancingo,1,Tixtla,29,Chilpancingo de Los Bravo,2,Primavera-Verano,2,Temporal,200201,Tonelada,5770000,CALABAZA SEMILLA O CHIHUA,1100.0,1100.0,0.0,451.0,0.41,20180.38,9101351.38,12029
2025,12,Guerrero,56,Chilpancingo,1,Tixtla,29,Chilpancingo de Los Bravo,2,Primavera-Verano,2,Temporal,200201,Tonelada,6840000,FRIJOL,550.0,550.0,0.0,429.0,0.78,13697.32,5876150.28,12029
2025,12,Guerrero,56,Chilpancingo,1,Tixtla,29,Chilpancingo de Los Bravo,2,Primavera-Verano,2,Temporal,200201,Tonelada,7240000,JÍCAMA,6.5,6.5,0.0,196.24,30.19,4344.91,852645.14,12029
2025,12,Guerrero,56,Chilpancingo,1,Tixtla,29,Chilpancingo de Los Bravo,2,Primavera-Verano,2,Temporal,200201,Tonelada,7490000,MAÍZ GRANO,7870.6,7870.6,0.0,23218.27,2.95,5311.31,123319429.6,12029
2025,12,Guerrero,56,Chilpancingo,1,Tixtla,29,Chilpancingo de Los Bravo,2,Primavera-Verano,2,Temporal,200201,Tonelada,8810000,SORGO GRANO,64.71,64.71,0.0,238.13,3.68,4164.59,991713.82,12029
2025,12,Guerrero,56,Chilpancingo,1,Tixtla,29,Chilpancingo de Los Bravo,2,Primavera-Verano,2,Temporal,200201,Tonelada,8970000,TOMATE ROJO (JITOMATE),51.0,51.0,0.0,1492.26,29.26,8995.69,13423908.36,12029
2025,12,Guerrero,56,Chilpancingo,1,Tixtla,29,Chilpancingo de Los Bravo,3,Perennes,1,Riego,200201,Tonelada,5060000,AGUACATE,101.0,96.0,0.0,835.2,8.7,9987.0,8341142.4,12029
2025,12,Guerrero,56,Chilpancingo,1,Tixtla,29,Chilpancingo de Los Bravo,3,Perennes,1,Riego,200201,Tonelada,5170000,ALFALFA VERDE,7.5,7.5,0.0,413.93,55.19,497.1,205764.6,12029
2025,12,Guerrero,56,Chilpancingo,1,Tixtla,29,Chilpancingo de Los Bravo,3,Perennes,1,Riego,200201,Tonelada,7390000,LIMÓN,20.0,18.0,0.0,110.52,6.14,4895.47,541047.34,12029
2025,12,Guerrero,56,Chilpancingo,1,Tixtla,29,Chilpancingo de Los Bravo,3,Perennes,1,Riego,200201,Tonelada,7560000,MANGO,11.0,10.0,0.0,74.1,7.41,4079.6,302298.36,12029
2025,12,Guerrero,56,Chilpancingo,1,Tixtla,29,Chilpancingo de Los Bravo,3,Perennes,1,Riego,200201,Tonelada,7850000,NARANJA,14.0,14.0,0.0,107.94,7.71,4453.05,480662.68,12029
2025,12,Guerrero,56,Chilpancingo,1,Tixtla,29,Chilpancingo de Los Bravo,3,Perennes,1,Riego,200201,Tonelada,15050000,PASTOS Y PRADERAS,19.0,19.0,0.0,620.14,32.64,983.5,609907.69,12029
2025,12,Guerrero,56,Chilpancingo,1,Tixtla,29,Chilpancingo de Los Bravo,3,Perennes,2,Temporal,200201,Tonelada,5050000,AGAVE,150.0,120.0,0.0,8736.3,72.8,6010.34,52508133.34,12029
2025,12,Guerrero,56,Chilpancingo,1,Tixtla,29,Chilpancingo de Los Bravo,3,Perennes,2,Temporal,200201,Tonelada,5710000,CAFÉ CEREZA,228.0,216.0,0.0,142.56,0.66,8766.53,1249756.52,12029
2025,12,Guerrero,56,Chilpancingo,1,Tixtla,29,Chilpancingo de Los Bravo,3,Perennes,2,Temporal,200201,Tonelada,6220000,CIRUELA,1.0,1.0,0.0,3.85,3.85,3997.14,15388.99,12029
2025,12,Guerrero,56,Chilpancingo,1,Tixtla,29,Chilpancingo de Los Bravo,3,Perennes,2,Temporal,200201,Tonelada,6530000,DURAZNO,9.0,8.0,0.0,45.2,5.65,6709.31,303260.81,12029
2025,12,Guerrero,56,Chilpancingo,1,Tixtla,29,Chilpancingo de Los Bravo,3,Perennes,2,Temporal,200201,Tonelada,7390000,LIMÓN,9.0,7.0,0.0,44.29,6.33,5226.22,231469.27,12029
2025,12,Guerrero,56,Chilpancingo,1,Tixtla,29,Chilpancingo de Los Bravo,3,Perennes,2,Temporal,200201,Tonelada,7580000,MANZANA,3.5,3.5,0.0,14.67,4.19,6224.25,91309.75,12029
2025,12,Guerrero,56,Chilpancingo,1,Tixtla,29,Chilpancingo de Los Bravo,3,Perennes,2,Temporal,200201,Tonelada,15050000,PASTOS Y PRADERAS,400.0,400.0,0.0,8680.0,21.7,1047.5,9092300.0,12029
2025,12,Guerrero,56,Chilpancingo,1,Tixtla,42,Mártir de Cuilapan,1,Otoño-Invierno,2,Temporal,200201,Tonelada,6900000,GARBANZO GRANO,65.47,65.47,0.0,58.71,0.9,9570.62,561891.1,12042
2025,12,Guerrero,56,Chilpancingo,1,Tixtla,42,Mártir de Cuilapan,2,Primavera-Verano,1,Riego,200201,Tonelada,8970000,TOMATE ROJO (JITOMATE),0.62,0.62,0.0,21.6,34.84,8770.74,189447.98,12042
2025,12,Guerrero,56,Chilpancingo,1,Tixtla,42,Mártir de Cuilapan,2,Primavera-Verano,2,Temporal,200201,Tonelada,5080000,AJONJOLÍ,9.33,9.33,0.0,4.94,0.53,18655.0,92155.7,12042
2025,12,Guerrero,56,Chilpancingo,1,Tixtla,42,Mártir de Cuilapan,2,Primavera-Verano,2,Temporal,200201,Tonelada,6840000,FRIJOL,79.5,79.5,0.0,65.19,0.82,13966.88,910500.91,12042
2025,12,Guerrero,56,Chilpancingo,1,Tixtla,42,Mártir de Cuilapan,2,Primavera-Verano,2,Temporal,200201,Tonelada,7490000,MAÍZ GRANO,3314.17,3314.17,0.0,9843.08,2.97,5283.14,52002369.67,12042
2025,12,Guerrero,56,Chilpancingo,1,Tixtla,42,Mártir de Cuilapan,2,Primavera-Verano,2,Temporal,200201,Tonelada,8810000,SORGO GRANO,294.4,294.4,0.0,1092.22,3.71,4089.21,4466316.95,12042
2025,12,Guerrero,56,Chilpancingo,1,Tixtla,42,Mártir de Cuilapan,3,Perennes,1,Riego,200201,Tonelada,15050000,PASTOS Y PRADERAS,2.5,2.5,0.0,74.77,29.91,1052.9,78725.33,12042
2025,12,Guerrero,56,Chilpancingo,1,Tixtla,42,Mártir de Cuilapan,3,Perennes,2,Temporal,200201,Tonelada,5050000,AGAVE,450.0,430.0,0.0,31305.07,72.8,5919.06,185296587.6,12042
2025,12,Guerrero,56,Chilpancingo,2,Chichihualco,75,Eduardo Neri,1,Otoño-Invierno,1,Riego,200201,Tonelada,7490000,MAÍZ GRANO,22.0,22.0,0.0,87.56,3.98,5162.98,452070.53,12075
2025,12,Guerrero,56,Chilpancingo,2,Chichihualco,75,Eduardo Neri,1,Otoño-Invierno,1,Riego,200201,Tonelada,8790000,SORGO FORRAJERO EN VERDE,7.0,7.0,0.0,220.32,31.47,999.3,220165.78,12075
2025,12,Guerrero,56,Chilpancingo,2,Chichihualco,75,Eduardo Neri,1,Otoño-Invierno,1,Riego,200201,Tonelada,8970000,TOMATE ROJO (JITOMATE),20.0,20.0,0.0,630.25,31.51,7933.31,4999968.63,12075
2025,12,Guerrero,56,Chilpancingo,2,Chichihualco,75,Eduardo Neri,2,Primavera-Verano,1,Riego,200201,Tonelada,8970000,TOMATE ROJO (JITOMATE),1.4,1.4,0.0,50.15,35.82,8861.85,444421.78,12075
2025,12,Guerrero,56,Chilpancingo,2,Chichihualco,75,Eduardo Neri,2,Primavera-Verano,2,Temporal,200201,Tonelada,6840000,FRIJOL,168.5,168.5,0.0,133.12,0.79,14089.49,1875592.91,12075
2025,12,Guerrero,56,Chilpancingo,2,Chichihualco,75,Eduardo Neri,2,Primavera-Verano,2,Temporal,200201,Tonelada,7490000,MAÍZ GRANO,6555.0,6555.0,0.0,19009.5,2.9,5443.54,103478973.6,12075
2025,12,Guerrero,56,Chilpancingo,2,Chichihualco,75,Eduardo Neri,2,Primavera-Verano,2,Temporal,200201,Tonelada,8710000,SANDÍA,25.0,25.0,0.0,610.0,24.4,3754.0,2289940.0,12075
2025,12,Guerrero,56,Chilpancingo,2,Chichihualco,75,Eduardo Neri,2,Primavera-Verano,2,Temporal,200201,Tonelada,8790000,SORGO FORRAJERO EN VERDE,33.0,33.0,0.0,997.92,30.24,937.36,935410.29,12075
2025,12,Guerrero,56,Chilpancingo,2,Chichihualco,75,Eduardo Neri,2,Primavera-Verano,2,Temporal,200201,Tonelada,8970000,TOMATE ROJO (JITOMATE),75.0,75.0,0.0,1954.0,26.05,7807.63,15256109.02,12075
2025,12,Guerrero,56,Chilpancingo,2,Chichihualco,75,Eduardo Neri,3,Perennes,1,Riego,200201,Tonelada,5060000,AGUACATE,27.0,26.0,0.0,175.5,6.75,10450.0,1833975.0,12075
2025,12,Guerrero,56,Chilpancingo,2,Chichihualco,75,Eduardo Neri,3,Perennes,1,Riego,200201,Tonelada,5170000,ALFALFA VERDE,8.54,8.54,0.0,320.0,37.47,509.53,163049.6,12075
2025,12,Guerrero,56,Chilpancingo,2,Chichihualco,75,Eduardo Neri,3,Perennes,2,Temporal,200201,Tonelada,5050000,AGAVE,85.0,80.0,0.0,3355.2,41.94,4365.25,14646286.8,12075
2025,12,Guerrero,56,Chilpancingo,2,Chichihualco,75,Eduardo Neri,3,Perennes,2,Temporal,200201,Tonelada,5060000,AGUACATE,5.0,5.0,0.0,42.69,8.54,7849.21,335082.77,12075
2025,12,Guerrero,56,Chilpancingo,2,Chichihualco,75,Eduardo Neri,3,Perennes,2,Temporal,200201,Tonelada,6530000,DURAZNO,5.0,5.0,0.0,22.1,4.42,6211.3,137269.73,12075
2025,12,Guerrero,56,Chilpancingo,2,Chichihualco,75,Eduardo Neri,3,Perennes,2,Temporal,200201,Tonelada,7060000,GUAYABA,2.5,2.5,0.0,12.8,5.12,3970.0,50816.0,12075
2025,12,Guerrero,56,Chilpancingo,2,Chichihualco,75,Eduardo Neri,3,Perennes,2,Temporal,200201,Tonelada,7390000,LIMÓN,11.0,10.0,0.0,91.18,9.12,5627.8,513142.62,12075
2025,12,Guerrero,56,Chilpancingo,2,Chichihualco,75,Eduardo Neri,3,Perennes,2,Temporal,200201,Tonelada,7560000,MANGO,3.0,3.0,0.0,21.57,7.19,4120.0,88868.4,12075
2025,12,Guerrero,56,Chilpancingo,2,Chichihualco,75,Eduardo Neri,3,Perennes,2,Temporal,200201,Tonelada,8130000,PAPAYA,7.0,7.0,0.0,178.57,25.51,8500.0,1517845.0,12075
2025,12,Guerrero,58,Iguala,2,Huitzuco,8,Atenango del Río,1,Otoño-Invierno,1,Riego,200201,Tonelada,7490000,MAÍZ GRANO,53.0,53.0,0.0,225.25,4.25,5678.75,1279138.44,12008
2025,12,Guerrero,58,Iguala,2,Huitzuco,8,Atenango del Río,1,Otoño-Invierno,1,Riego,200201,Tonelada,8710000,SANDÍA,12.5,12.5,0.0,260.32,20.83,4890.66,1273136.61,12008
2025,12,Guerrero,58,Iguala,2,Huitzuco,8,Atenango del Río,1,Otoño-Invierno,1,Riego,200201,Tonelada,8980000,TOMATE VERDE,2.8,2.8,0.0,55.21,19.72,7921.43,437342.15,12008
2025,12,Guerrero,58,Iguala,2,Huitzuco,8,Atenango del Río,2,Primavera-Verano,2,Temporal,200201,Tonelada,5690000,CACAHUATE,30.25,30.25,0.0,38.94,1.29,18325.5,713594.97,12008
2025,12,Guerrero,58,Iguala,2,Huitzuco,8,Atenango del Río,2,Primavera-Verano,2,Temporal,200201,Tonelada,6110000,CHILE SECO,4.6,4.6,0.0,2.49,0.54,30614.8,76230.85,12008
2025,12,Guerrero,58,Iguala,2,Huitzuco,8,Atenango del Río,2,Primavera-Verano,2,Temporal,200201,Tonelada,7490000,MAÍZ GRANO,3306.35,3306.35,0.0,9053.93,2.74,4752.64,43030033.55,12008
2025,12,Guerrero,58,Iguala,2,Huitzuco,8,Atenango del Río,2,Primavera-Verano,2,Temporal,200201,Tonelada,8810000,SORGO GRANO,322.48,322.48,0.0,1367.32,4.24,4529.44,6193193.9,12008
2025,12,Guerrero,58,Iguala,2,Huitzuco,8,Atenango del Río,3,Perennes,1,Riego,200201,Tonelada,7560000,MANGO,10.0,10.0,0.0,60.01,6.0,4991.1,299515.74,12008
2025,12,Guerrero,58,Iguala,2,Huitzuco,8,Atenango del Río,3,Perennes,1,Riego,200201,Tonelada,8390000,PLÁTANO,2.0,2.0,0.0,10.96,5.48,5654.15,61969.48,12008
2025,12,Guerrero,58,Iguala,2,Huitzuco,8,Atenango del Río,3,Perennes,2,Temporal,200201,Tonelada,5050000,AGAVE,42.0,27.0,0.0,1965.67,72.8,3625.0,7125553.75,12008
2025,12,Guerrero,58,Iguala,2,Huitzuco,8,Atenango del Río,3,Perennes,2,Temporal,200201,Tonelada,8880000,TAMARINDO,6.0,6.0,0.0,31.14,5.19,5352.56,166678.72,12008
2025,12,Guerrero,58,Iguala,2,Huitzuco,8,Atenango del Río,3,Perennes,2,Temporal,200201,Tonelada,15050000,PASTOS Y PRADERAS,60.0,60.0,0.0,685.2,11.42,960.0,657792.0,12008
2025,12,Guerrero,58,Iguala,2,Huitzuco,34,Huitzuco de Los Figueroa,1,Otoño-Invierno,1,Riego,200201,Tonelada,6900000,GARBANZO GRANO,10.5,10.5,0.0,9.65,0.92,11596.04,111901.79,12034
2025,12,Guerrero,58,Iguala,2,Huitzuco,34,Huitzuco de Los Figueroa,1,Otoño-Invierno,1,Riego,200201,Tonelada,7490000,MAÍZ GRANO,22.5,22.5,0.0,110.7,4.92,5919.78,655319.65,12034
2025,12,Guerrero,58,Iguala,2,Huitzuco,34,Huitzuco de Los Figueroa,1,Otoño-Invierno,1,Riego,200201,Tonelada,8970000,TOMATE ROJO (JITOMATE),9.45,9.45,0.0,232.32,24.58,6942.65,1612916.74,12034
2025,12,Guerrero,58,Iguala,2,Huitzuco,34,Huitzuco de Los Figueroa,1,Otoño-Invierno,1,Riego,200201,Tonelada,8980000,TOMATE VERDE,110.5,110.5,0.0,2170.54,19.64,7405.77,16074520.02,12034
2025,12,Guerrero,58,Iguala,2,Huitzuco,34,Huitzuco de Los Figueroa,2,Primavera-Verano,1,Riego,200201,Tonelada,8970000,TOMATE ROJO (JITOMATE),1.35,1.35,0.0,40.25,29.81,7950.0,319987.5,12034
2025,12,Guerrero,58,Iguala,2,Huitzuco,34,Huitzuco de Los Figueroa,2,Primavera-Verano,2,Temporal,200201,Tonelada,5080000,AJONJOLÍ,5.45,5.45,0.0,2.65,0.49,15965.25,42307.91,12034
2025,12,Guerrero,58,Iguala,2,Huitzuco,34,Huitzuco de Los Figueroa,2,Primavera-Verano,2,Temporal,200201,Tonelada,5690000,CACAHUATE,353.2,353.2,0.0,844.95,2.39,18130.0,15318943.5,12034
2025,12,Guerrero,58,Iguala,2,Huitzuco,34,Huitzuco de Los Figueroa,2,Primavera-Verano,2,Temporal,200201,Tonelada,6110000,CHILE SECO,4.22,4.22,0.0,1.94,0.46,55120.25,106933.29,12034
2025,12,Guerrero,58,Iguala,2,Huitzuco,34,Huitzuco de Los Figueroa,2,Primavera-Verano,2,Temporal,200201,Tonelada,6120000,CHILE VERDE,43.36,43.36,0.0,1175.2,27.1,8255.0,9701276.0,12034
2025,12,Guerrero,58,Iguala,2,Huitzuco,34,Huitzuco de Los Figueroa,2,Primavera-Verano,2,Temporal,200201,Tonelada,6840000,FRIJOL,11.43,11.43,0.0,7.62,0.67,14880.0,113385.6,12034
2025,12,Guerrero,58,Iguala,2,Huitzuco,34,Huitzuco de Los Figueroa,2,Primavera-Verano,2,Temporal,200201,Tonelada,7490000,MAÍZ GRANO,9050.34,9050.34,0.0,25069.44,2.77,5066.34,127010306.7,12034
2025,12,Guerrero,58,Iguala,2,Huitzuco,34,Huitzuco de Los Figueroa,2,Primavera-Verano,2,Temporal,200201,Tonelada,8710000,SANDÍA,38.45,38.45,0.0,758.4,19.72,4385.0,3325584.0,12034
2025,12,Guerrero,58,Iguala,2,Huitzuco,34,Huitzuco de Los Figueroa,2,Primavera-Verano,2,Temporal,200201,Tonelada,8810000,SORGO GRANO,516.01,516.01,0.0,2554.25,4.95,4241.01,10832599.79,12034
2025,12,Guerrero,58,Iguala,2,Huitzuco,34,Huitzuco de Los Figueroa,2,Primavera-Verano,2,Temporal,200201,Tonelada,8970000,TOMATE ROJO (JITOMATE),28.54,28.54,0.0,541.24,18.96,7218.96,3907189.91,12034
2025,12,Guerrero,58,Iguala,2,Huitzuco,34,Huitzuco de Los Figueroa,2,Primavera-Verano,2,Temporal,200201,Tonelada,8980000,TOMATE VERDE,43.56,43.56,0.0,716.73,16.45,5685.25,4074789.23,12034
2025,12,Guerrero,58,Iguala,2,Huitzuco,34,Huitzuco de Los Figueroa,3,Perennes,1,Riego,200201,Tonelada,7560000,MANGO,90.1,90.1,0.0,473.75,5.26,5430.51,2572703.09,12034
2025,12,Guerrero,58,Iguala,2,Huitzuco,34,Huitzuco de Los Figueroa,3,Perennes,2,Temporal,200201,Tonelada,5050000,AGAVE,45.0,40.0,0.0,2912.1,72.8,3090.0,8998389.0,12034
2025,12,Guerrero,58,Iguala,2,Huitzuco,34,Huitzuco de Los Figueroa,3,Perennes,2,Temporal,200201,Tonelada,6220000,CIRUELA,22.0,22.0,0.0,90.64,4.12,5150.0,466796.0,12034
2025,12,Guerrero,58,Iguala,2,Huitzuco,34,Huitzuco de Los Figueroa,3,Perennes,2,Temporal,200201,Tonelada,8880000,TAMARINDO,16.0,16.0,0.0,90.08,5.63,5320.94,479310.28,12034
2025,12,Guerrero,58,Iguala,2,Huitzuco,34,Huitzuco de Los Figueroa,3,Perennes,2,Temporal,200201,Tonelada,15050000,PASTOS Y PRADERAS,177.0,177.0,0.0,1749.2,9.88,1120.19,1959439.15,12034
2025,17,Morelos,94,Zacatepec-Galeana,1,Galeana,12,Jojutla,1,Otoño-Invierno,1,Riego,200201,Tonelada,7490000,MAÍZ GRANO,50.0,50.0,0.0,220.9,4.42,5991.95,1323621.76,17012
2025,17,Morelos,94,Zacatepec-Galeana,1,Galeana,12,Jojutla,1,Otoño-Invierno,1,Riego,200201,Tonelada,7980000,OKRA (ANGÚ O GOMBO),292.0,292.0,0.0,3415.36,11.7,5258.56,17959875.48,17012
2025,17,Morelos,94,Zacatepec-Galeana,1,Galeana,12,Jojutla,1,Otoño-Invierno,1,Riego,200201,Tonelada,8810000,SORGO GRANO,5.0,5.0,0.0,28.0,5.6,4300.0,120400.0,17012
2025,17,Morelos,94,Zacatepec-Galeana,1,Galeana,12,Jojutla,1,Otoño-Invierno,1,Riego,200201,Tonelada,8970000,TOMATE ROJO (JITOMATE),15.0,15.0,0.0,3240.0,216.0,7854.83,25449649.2,17012
2025,17,Morelos,94,Zacatepec-Galeana,1,Galeana,12,Jojutla,1,Otoño-Invierno,1,Riego,200201,Tonelada,8980000,TOMATE VERDE,13.0,13.0,0.0,203.6,15.66,6762.41,1376826.68,17012
2025,17,Morelos,94,Zacatepec-Galeana,1,Galeana,12,Jojutla,2,Primavera-Verano,1,Riego,200201,Tonelada,5410000,ARROZ PALAY,19.0,19.0,0.0,197.3,10.38,5900.0,1164070.0,17012
2025,17,Morelos,94,Zacatepec-Galeana,1,Galeana,12,Jojutla,2,Primavera-Verano,1,Riego,200201,Tonelada,6610000,ELOTE,32.0,32.0,0.0,345.6,10.8,2400.0,829440.0,17012
2025,17,Morelos,94,Zacatepec-Galeana,1,Galeana,12,Jojutla,2,Primavera-Verano,1,Riego,200201,Tonelada,7490000,MAÍZ GRANO,142.0,142.0,0.0,892.27,6.28,3795.74,3386828.33,17012
2025,17,Morelos,94,Zacatepec-Galeana,1,Galeana,12,Jojutla,2,Primavera-Verano,1,Riego,200201,Tonelada,7980000,OKRA (ANGÚ O GOMBO),26.0,26.0,0.0,299.0,11.5,9500.0,2840500.0,17012
2025,17,Morelos,94,Zacatepec-Galeana,1,Galeana,12,Jojutla,2,Primavera-Verano,1,Riego,200201,Tonelada,8790000,SORGO FORRAJERO EN VERDE,230.0,230.0,0.0,10051.0,43.7,472.34,4747489.34,17012
2025,17,Morelos,94,Zacatepec-Galeana,1,Galeana,12,Jojutla,2,Primavera-Verano,1,Riego,200201,Tonelada,8980000,TOMATE VERDE,3.0,3.0,0.0,43.5,14.5,6836.85,297402.98,17012
2025,17,Morelos,94,Zacatepec-Galeana,1,Galeana,12,Jojutla,2,Primavera-Verano,2,Temporal,200201,Tonelada,7490000,MAÍZ GRANO,299.0,299.0,0.0,1578.45,5.28,5103.07,8054948.15,17012
2025,17,Morelos,94,Zacatepec-Galeana,1,Galeana,12,Jojutla,2,Primavera-Verano,2,Temporal,200201,Tonelada,8810000,SORGO GRANO,312.0,312.0,0.0,1560.0,5.0,4252.94,6634586.4,17012
2025,17,Morelos,94,Zacatepec-Galeana,1,Galeana,12,Jojutla,3,Perennes,1,Riego,200201,Tonelada,5820000,CAÑA DE AZÚCAR,1960.0,1760.0,0.0,191840.0,109.0,1089.17,208946372.8,17012
2025,17,Morelos,94,Zacatepec-Galeana,1,Galeana,12,Jojutla,3,Perennes,1,Riego,200201,Tonelada,5830000,SEMILLA DE CAÑA DE AZÚCAR,200.0,200.0,0.0,20126.0,100.63,1140.0,22943640.0,17012
2025,17,Morelos,94,Zacatepec-Galeana,1,Galeana,12,Jojutla,3,Perennes,1,Riego,200201,Tonelada,7020000,GUAJE,4.0,4.0,0.0,63.6,15.9,4051.5,257675.4,17012
2025,17,Morelos,94,Zacatepec-Galeana,1,Galeana,12,Jojutla,3,Perennes,1,Riego,200201,Tonelada,7150000,HIGO,18.0,18.0,0.0,135.0,7.5,32000.0,4320000.0,17012
2025,17,Morelos,94,Zacatepec-Galeana,1,Galeana,12,Jojutla,3,Perennes,1,Riego,200201,Tonelada,7390000,LIMÓN,6.0,6.0,0.0,81.0,13.5,10000.0,810000.0,17012
2025,17,Morelos,94,Zacatepec-Galeana,1,Galeana,12,Jojutla,3,Perennes,1,Riego,200201,Tonelada,7560000,MANGO,8.0,8.0,0.0,124.8,15.6,5000.0,624000.0,17012
2025,17,Morelos,94,Zacatepec-Galeana,1,Galeana,12,Jojutla,3,Perennes,1,Riego,200201,Tonelada,7850000,NARANJA,37.0,37.0,0.0,810.67,21.91,6342.8,5141917.68,17012
2025,17,Morelos,94,Zacatepec-Galeana,1,Galeana,12,Jojutla,3,Perennes,1,Riego,200201,Tonelada,8680000,SÁBILA,4.0,4.0,0.0,240.49,60.12,600.0,144294.0,17012
2025,17,Morelos,94,Zacatepec-Galeana,1,Galeana,12,Jojutla,3,Perennes,2,Temporal,200201,Tonelada,5050000,AGAVE,32.0,12.0,0.0,1110.0,92.5,7549.89,8380377.9,17012
2025,17,Morelos,94,Zacatepec-Galeana,1,Galeana,12,Jojutla,3,Perennes,2,Temporal,200201,Tonelada,9500000,JATROPHA,1.0,1.0,0.0,3.1,3.1,4000.0,12400.0,17012
2025,17,Morelos,94,Zacatepec-Galeana,1,Galeana,12,Jojutla,3,Perennes,2,Temporal,200201,Tonelada,15050000,PASTOS Y PRADERAS,50.0,50.0,0.0,820.0,16.4,525.0,430500.0,17012
2025,17,Morelos,94,Zacatepec-Galeana,1,Galeana,17,Puente de Ixtla,1,Otoño-Invierno,1,Riego,200201,Tonelada,5690000,CACAHUATE,7.0,7.0,0.0,16.8,2.4,14000.0,235200.0,17017
2025,17,Morelos,94,Zacatepec-Galeana,1,Galeana,17,Puente de Ixtla,1,Otoño-Invierno,1,Riego,200201,Tonelada,5740000,CALABACITA,6.0,6.0,0.0,92.0,15.33,6250.07,575006.44,17017
2025,17,Morelos,94,Zacatepec-Galeana,1,Galeana,17,Puente de Ixtla,1,Otoño-Invierno,1,Riego,200201,Tonelada,6120000,CHILE VERDE,4.0,4.0,0.0,38.0,9.5,4950.0,188100.0,17017
2025,17,Morelos,94,Zacatepec-Galeana,1,Galeana,17,Puente de Ixtla,1,Otoño-Invierno,1,Riego,200201,Tonelada,6610000,ELOTE,32.0,32.0,0.0,308.7,9.65,3678.88,1135670.26,17017
2025,17,Morelos,94,Zacatepec-Galeana,1,Galeana,17,Puente de Ixtla,1,Otoño-Invierno,1,Riego,200201,Tonelada,6660000,ESPECIAS Y MEDICINALES,60.0,60.0,0.0,203.6,3.39,6844.95,1393631.82,17017
2025,17,Morelos,94,Zacatepec-Galeana,1,Galeana,17,Puente de Ixtla,1,Otoño-Invierno,1,Riego,200201,Tonelada,7490000,MAÍZ GRANO,70.0,70.0,0.0,329.0,4.7,5872.98,1932210.42,17017
2025,17,Morelos,94,Zacatepec-Galeana,1,Galeana,17,Puente de Ixtla,1,Otoño-Invierno,1,Riego,200201,Tonelada,8790000,SORGO FORRAJERO EN VERDE,18.0,18.0,0.0,732.6,40.7,985.0,721611.0,17017
2025,17,Morelos,94,Zacatepec-Galeana,1,Galeana,17,Puente de Ixtla,1,Otoño-Invierno,1,Riego,200201,Tonelada,8810000,SORGO GRANO,13.0,13.0,0.0,73.5,5.65,4400.0,323400.0,17017
2025,17,Morelos,94,Zacatepec-Galeana,1,Galeana,17,Puente de Ixtla,1,Otoño-Invierno,1,Riego,200201,Tonelada,9212000,YUCA ALIMENTICIA,40.0,40.0,0.0,446.26,11.16,3652.17,1629817.38,17017
2025,17,Morelos,94,Zacatepec-Galeana,1,Galeana,17,Puente de Ixtla,2,Primavera-Verano,1,Riego,200201,Tonelada,5410000,ARROZ PALAY,6.0,6.0,0.0,62.4,10.4,5800.0,361920.0,17017
2025,17,Morelos,94,Zacatepec-Galeana,1,Galeana,17,Puente de Ixtla,2,Primavera-Verano,1,Riego,200201,Tonelada,5690000,CACAHUATE,12.0,12.0,0.0,25.2,2.1,18337.3,462099.96,17017
2025,17,Morelos,94,Zacatepec-Galeana,1,Galeana,17,Puente de Ixtla,2,Primavera-Verano,1,Riego,200201,Tonelada,5740000,CALABACITA,10.0,10.0,0.0,151.0,15.1,5410.0,816910.0,17017
2025,17,Morelos,94,Zacatepec-Galeana,1,Galeana,17,Puente de Ixtla,2,Primavera-Verano,1,Riego,200201,Tonelada,7490000,MAÍZ GRANO,217.0,217.0,0.0,1320.14,6.08,4067.63,5369843.6,17017
2025,17,Morelos,94,Zacatepec-Galeana,1,Galeana,17,Puente de Ixtla,2,Primavera-Verano,1,Riego,200201,Tonelada,8790000,SORGO FORRAJERO EN VERDE,18.0,18.0,0.0,783.0,43.5,495.15,387702.45,17017
2025,17,Morelos,94,Zacatepec-Galeana,1,Galeana,17,Puente de Ixtla,2,Primavera-Verano,1,Riego,200201,Tonelada,8810000,SORGO GRANO,63.0,63.0,0.0,277.76,4.41,4252.94,1181296.61,17017
2025,17,Morelos,94,Zacatepec-Galeana,1,Galeana,17,Puente de Ixtla,2,Primavera-Verano,1,Riego,200201,Tonelada,8980000,TOMATE VERDE,13.0,13.0,0.0,192.4,14.8,5426.92,1044139.41,17017
2025,17,Morelos,94,Zacatepec-Galeana,1,Galeana,17,Puente de Ixtla,2,Primavera-Verano,1,Riego,200201,Tonelada,9212000,YUCA ALIMENTICIA,13.0,13.0,0.0,195.0,15.0,4900.0,955500.0,17017
2025,17,Morelos,94,Zacatepec-Galeana,1,Galeana,17,Puente de Ixtla,2,Primavera-Verano,2,Temporal,200201,Tonelada,5690000,CACAHUATE,90.0,90.0,0.0,135.0,1.5,18300.0,2470500.0,17017
2025,17,Morelos,94,Zacatepec-Galeana,1,Galeana,17,Puente de Ixtla,2,Primavera-Verano,2,Temporal,200201,Tonelada,5740000,CALABACITA,8.0,8.0,0.0,96.0,12.0,5400.0,518400.0,17017
2025,17,Morelos,94,Zacatepec-Galeana,1,Galeana,17,Puente de Ixtla,2,Primavera-Verano,2,Temporal,200201,Tonelada,5770000,CALABAZA SEMILLA O CHIHUA,11.0,11.0,0.0,12.1,1.1,32558.07,393952.65,17017
2025,17,Morelos,94,Zacatepec-Galeana,1,Galeana,17,Puente de Ixtla,2,Primavera-Verano,2,Temporal,200201,Tonelada,7490000,MAÍZ GRANO,1413.0,1413.0,0.0,7487.69,5.3,4959.33,37133935.69,17017
2025,17,Morelos,94,Zacatepec-Galeana,1,Galeana,17,Puente de Ixtla,2,Primavera-Verano,2,Temporal,200201,Tonelada,8810000,SORGO GRANO,315.0,315.0,0.0,1543.5,4.9,4252.94,6564412.89,17017
2025,17,Morelos,94,Zacatepec-Galeana,1,Galeana,17,Puente de Ixtla,2,Primavera-Verano,2,Temporal,200201,Tonelada,8980000,TOMATE VERDE,2.0,2.0,0.0,24.8,12.4,5400.0,133920.0,17017
2025,17,Morelos,94,Zacatepec-Galeana,1,Galeana,17,Puente de Ixtla,3,Perennes,1,Riego,200201,Tonelada,5820000,CAÑA DE AZÚCAR,1055.0,810.0,0.0,89100.0,110.0,1092.63,97353333.0,17017
2025,17,Morelos,94,Zacatepec-Galeana,1,Galeana,17,Puente de Ixtla,3,Perennes,1,Riego,200201,Tonelada,7020000,GUAJE,12.0,12.0,0.0,190.8,15.9,3857.23,735959.49,17017
2025,17,Morelos,94,Zacatepec-Galeana,1,Galeana,17,Puente de Ixtla,3,Perennes,1,Riego,200201,Tonelada,7390000,LIMÓN,47.0,47.0,0.0,566.98,12.06,11413.27,6471095.82,17017
2025,17,Morelos,94,Zacatepec-Galeana,1,Galeana,17,Puente de Ixtla,3,Perennes,1,Riego,200201,Tonelada,7560000,MANGO,52.0,52.0,0.0,826.8,15.9,3695.81,3055695.71,17017
2025,17,Morelos,94,Zacatepec-Galeana,1,Galeana,17,Puente de Ixtla,3,Perennes,1,Riego,200201,Tonelada,7830000,NANCHE,6.0,6.0,0.0,45.0,7.5,4000.0,180000.0,17017
2025,17,Morelos,94,Zacatepec-Galeana,1,Galeana,17,Puente de Ixtla,3,Perennes,1,Riego,200201,Tonelada,7850000,NARANJA,24.0,24.0,0.0,525.84,21.91,5199.5,2734105.08,17017
2025,17,Morelos,94,Zacatepec-Galeana,1,Galeana,17,Puente de Ixtla,3,Perennes,1,Riego,200201,Tonelada,8130000,PAPAYA,8.0,8.0,0.0,249.6,31.2,6817.49,1701645.5,17017
2025,17,Morelos,94,Zacatepec-Galeana,1,Galeana,17,Puente de Ixtla,3,Perennes,2,Temporal,200201,Tonelada,5050000,AGAVE,39.0,10.0,0.0,925.0,92.5,7549.89,6983648.25,17017
2025,17,Morelos,94,Zacatepec-Galeana,1,Galeana,17,Puente de Ixtla,3,Perennes,2,Temporal,200201,Tonelada,9500000,JATROPHA,8.0,8.0,0.0,24.6,3.08,3700.0,91020.0,17017
2025,17,Morelos,94,Zacatepec-Galeana,1,Galeana,17,Puente de Ixtla,3,Perennes,2,Temporal,200201,Tonelada,15050000,PASTOS Y PRADERAS,44.0,44.0,0.0,720.0,16.36,525.0,378000.0,17017
2025,17,Morelos,94,Zacatepec-Galeana,1,Galeana,25,Tlaquiltenango,1,Otoño-Invierno,1,Riego,200201,Tonelada,5740000,CALABACITA,9.0,9.0,0.0,140.4,15.6,6471.63,908616.85,17025
2025,17,Morelos,94,Zacatepec-Galeana,1,Galeana,25,Tlaquiltenango,1,Otoño-Invierno,1,Riego,200201,Tonelada,5940000,CEBOLLA,28.0,28.0,0.0,828.8,29.6,5148.55,4267118.24,17025
2025,17,Morelos,94,Zacatepec-Galeana,1,Galeana,25,Tlaquiltenango,1,Otoño-Invierno,1,Riego,200201,Tonelada,6610000,ELOTE,36.0,36.0,0.0,421.2,11.7,3691.98,1555061.98,17025
2025,17,Morelos,94,Zacatepec-Galeana,1,Galeana,25,Tlaquiltenango,1,Otoño-Invierno,1,Riego,200201,Tonelada,7240000,JÍCAMA,13.0,13.0,0.0,377.45,29.03,3755.36,1417460.63,17025
2025,17,Morelos,94,Zacatepec-Galeana,1,Galeana,25,Tlaquiltenango,1,Otoño-Invierno,1,Riego,200201,Tonelada,7490000,MAÍZ GRANO,82.0,82.0,0.0,410.0,5.0,6094.0,2498540.0,17025
2025,17,Morelos,94,Zacatepec-Galeana,1,Galeana,25,Tlaquiltenango,1,Otoño-Invierno,1,Riego,200201,Tonelada,8710000,SANDÍA,6.0,6.0,0.0,113.4,18.9,6464.89,733118.53,17025
2025,17,Morelos,94,Zacatepec-Galeana,1,Galeana,25,Tlaquiltenango,1,Otoño-Invierno,1,Riego,200201,Tonelada,8790000,SORGO FORRAJERO EN VERDE,7.0,7.0,0.0,284.9,40.7,830.0,236467.0,17025
2025,17,Morelos,94,Zacatepec-Galeana,1,Galeana,25,Tlaquiltenango,2,Primavera-Verano,1,Riego,200201,Tonelada,5740000,CALABACITA,8.0,8.0,0.0,77.5,9.69,5300.0,410750.0,17025
2025,17,Morelos,94,Zacatepec-Galeana,1,Galeana,25,Tlaquiltenango,2,Primavera-Verano,1,Riego,200201,Tonelada,5940000,CEBOLLA,14.0,14.0,0.0,386.4,27.6,6297.8,2433469.92,17025
2025,17,Morelos,94,Zacatepec-Galeana,1,Galeana,25,Tlaquiltenango,2,Primavera-Verano,1,Riego,200201,Tonelada,7490000,MAÍZ GRANO,267.0,267.0,0.0,1578.86,5.91,5170.0,8162706.2,17025
2025,17,Morelos,94,Zacatepec-Galeana,1,Galeana,25,Tlaquiltenango,2,Primavera-Verano,1,Riego,200201,Tonelada,8810000,SORGO GRANO,36.0,36.0,0.0,205.2,5.7,4252.94,872703.29,17025
2025,17,Morelos,94,Zacatepec-Galeana,1,Galeana,25,Tlaquiltenango,2,Primavera-Verano,1,Riego,200201,Tonelada,8980000,TOMATE VERDE,6.0,6.0,0.0,88.8,14.8,6843.6,607711.68,17025
2025,17,Morelos,94,Zacatepec-Galeana,1,Galeana,25,Tlaquiltenango,2,Primavera-Verano,2,Temporal,200201,Tonelada,7490000,MAÍZ GRANO,1278.0,1278.0,0.0,5546.24,4.34,5160.42,28620943.49,17025
2025,17,Morelos,94,Zacatepec-Galeana,1,Galeana,25,Tlaquiltenango,2,Primavera-Verano,2,Temporal,200201,Tonelada,8810000,SORGO GRANO,340.0,340.0,0.0,1598.0,4.7,4252.94,6796198.12,17025
2025,17,Morelos,94,Zacatepec-Galeana,1,Galeana,25,Tlaquiltenango,3,Perennes,1,Riego,200201,Tonelada,5820000,CAÑA DE AZÚCAR,2192.0,1780.0,0.0,194020.0,109.0,1095.28,212506225.6,17025
2025,17,Morelos,94,Zacatepec-Galeana,1,Galeana,25,Tlaquiltenango,3,Perennes,1,Riego,200201,Tonelada,7020000,GUAJE,8.0,8.0,0.0,127.2,15.9,3800.0,483360.0,17025
2025,17,Morelos,94,Zacatepec-Galeana,1,Galeana,25,Tlaquiltenango,3,Perennes,1,Riego,200201,Tonelada,7390000,LIMÓN,22.0,22.0,0.0,266.03,12.09,11436.71,3042506.65,17025
2025,17,Morelos,94,Zacatepec-Galeana,1,Galeana,25,Tlaquiltenango,3,Perennes,1,Riego,200201,Tonelada,7560000,MANGO,8.0,8.0,0.0,128.8,16.1,3759.96,484282.85,17025
2025,17,Morelos,94,Zacatepec-Galeana,1,Galeana,25,Tlaquiltenango,3,Perennes,1,Riego,200201,Tonelada,7830000,NANCHE,3.0,3.0,0.0,22.5,7.5,3850.0,86625.0,17025
2025,17,Morelos,94,Zacatepec-Galeana,1,Galeana,25,Tlaquiltenango,3,Perennes,1,Riego,200201,Tonelada,7850000,NARANJA,15.0,15.0,0.0,328.65,21.91,4095.5,1345986.08,17025
2025,17,Morelos,94,Zacatepec-Galeana,1,Galeana,25,Tlaquiltenango,3,Perennes,1,Riego,200201,Tonelada,8130000,PAPAYA,6.0,6.0,0.0,188.0,31.33,6785.52,1275677.76,17025
2025,17,Morelos,94,Zacatepec-Galeana,1,Galeana,25,Tlaquiltenango,3,Perennes,1,Riego,200201,Tonelada,8680000,SÁBILA,1.0,1.0,0.0,56.97,56.97,590.0,33612.3,17025
2025,17,Morelos,94,Zacatepec-Galeana,1,Galeana,25,Tlaquiltenango,3,Perennes,2,Temporal,200201,Tonelada,5050000,AGAVE,47.0,27.0,0.0,2497.5,92.5,7549.89,18855850.28,17025
2025,17,Morelos,94,Zacatepec-Galeana,1,Galeana,25,Tlaquiltenango,3,Perennes,2,Temporal,200201,Tonelada,9500000,JATROPHA,15.0,15.0,0.0,47.0,3.13,3700.0,173900.0,17025
2025,17,Morelos,94,Zacatepec-Galeana,1,Galeana,25,Tlaquiltenango,3,Perennes,2,Temporal,200201,Tonelada,15050000,PASTOS Y PRADERAS,233.0,233.0,0.0,3790.0,16.27,516.08,1955950.0,17025
2025,17,Morelos,94,Zacatepec-Galeana,1,Galeana,35,Xoxocotla,1,Otoño-Invierno,1,Riego,200201,Tonelada,5740000,CALABACITA,3.0,3.0,0.0,46.8,15.6,4122.26,192921.77,17035
2025,17,Morelos,94,Zacatepec-Galeana,1,Galeana,35,Xoxocotla,1,Otoño-Invierno,1,Riego,200201,Tonelada,7490000,MAÍZ GRANO,6.0,6.0,0.0,29.4,4.9,6310.88,185539.87,17035
2025,17,Morelos,94,Zacatepec-Galeana,1,Galeana,35,Xoxocotla,2,Primavera-Verano,1,Riego,200201,Tonelada,5740000,CALABACITA,2.0,2.0,0.0,30.4,15.2,2940.56,89393.02,17035
2025,17,Morelos,94,Zacatepec-Galeana,1,Galeana,35,Xoxocotla,2,Primavera-Verano,1,Riego,200201,Tonelada,7490000,MAÍZ GRANO,25.0,25.0,0.0,175.09,7.0,5150.0,901713.71,17035
2025,17,Morelos,94,Zacatepec-Galeana,1,Galeana,35,Xoxocotla,2,Primavera-Verano,2,Temporal,200201,Tonelada,7490000,MAÍZ GRANO,102.0,102.0,0.0,516.42,5.06,1402.94,724507.39,17035
2025,17,Morelos,94,Zacatepec-Galeana,1,Galeana,35,Xoxocotla,3,Perennes,1,Riego,200201,Tonelada,7560000,MANGO,8.0,8.0,0.0,127.2,15.9,3502.17,445476.02,17035
2025,17,Morelos,94,Zacatepec-Galeana,1,Galeana,35,Xoxocotla,3,Perennes,1,Riego,200201,Tonelada,7850000,NARANJA,5.0,5.0,0.0,100.0,20.0,5199.5,519950.0,17035
2025,17,Morelos,94,Zacatepec-Galeana,2,Alpuyeca,18,Temixco,1,Otoño-Invierno,1,Riego,200201,Tonelada,5740000,CALABACITA,11.0,11.0,0.0,155.0,14.09,5152.0,798560.0,17018
2025,17,Morelos,94,Zacatepec-Galeana,2,Alpuyeca,18,Temixco,1,Otoño-Invierno,1,Riego,200201,Tonelada,5940000,CEBOLLA,5.0,5.0,0.0,136.0,27.2,5226.1,710749.6,17018
2025,17,Morelos,94,Zacatepec-Galeana,2,Alpuyeca,18,Temixco,1,Otoño-Invierno,1,Riego,200201,Tonelada,6610000,ELOTE,52.0,52.0,0.0,634.0,12.19,3398.0,2154332.0,17018
2025,17,Morelos,94,Zacatepec-Galeana,2,Alpuyeca,18,Temixco,1,Otoño-Invierno,1,Riego,200201,Tonelada,6840000,FRIJOL,3.0,3.0,0.0,5.7,1.9,25252.81,143941.02,17018
2025,17,Morelos,94,Zacatepec-Galeana,2,Alpuyeca,18,Temixco,1,Otoño-Invierno,1,Riego,200201,Tonelada,7490000,MAÍZ GRANO,9.0,9.0,0.0,35.2,3.91,5720.0,201344.0,17018
2025,17,Morelos,94,Zacatepec-Galeana,2,Alpuyeca,18,Temixco,1,Otoño-Invierno,1,Riego,200203,Gruesa,7870000,NARDO (GRUESA),9.0,9.0,0.0,11295.0,1255.0,148.79,1680583.05,17018
2025,17,Morelos,94,Zacatepec-Galeana,2,Alpuyeca,18,Temixco,1,Otoño-Invierno,1,Riego,200217,Metro cuadrado,8150000,PASTO TAPETE (M2),12.0,12.0,0.0,117720.0,9810.0,28.0,3296160.0,17018
2025,17,Morelos,94,Zacatepec-Galeana,2,Alpuyeca,18,Temixco,1,Otoño-Invierno,1,Riego,200201,Tonelada,8210000,PEPINO,4.0,4.0,0.0,923.0,230.75,5537.43,5111047.89,17018
2025,17,Morelos,94,Zacatepec-Galeana,2,Alpuyeca,18,Temixco,1,Otoño-Invierno,1,Riego,200201,Tonelada,8970000,TOMATE ROJO (JITOMATE),8.0,8.0,0.0,1720.0,215.0,7300.0,12556000.0,17018
2025,17,Morelos,94,Zacatepec-Galeana,2,Alpuyeca,18,Temixco,1,Otoño-Invierno,1,Riego,200201,Tonelada,8980000,TOMATE VERDE,5.0,5.0,0.0,64.5,12.9,5100.0,328950.0,17018
2025,17,Morelos,94,Zacatepec-Galeana,2,Alpuyeca,18,Temixco,2,Primavera-Verano,1,Riego,200201,Tonelada,5410000,ARROZ PALAY,62.0,62.0,0.0,634.0,10.23,5340.0,3385560.0,17018
2025,17,Morelos,94,Zacatepec-Galeana,2,Alpuyeca,18,Temixco,2,Primavera-Verano,1,Riego,200201,Tonelada,5940000,CEBOLLA,1.5,1.5,0.0,28.5,19.0,6600.0,188100.0,17018
2025,17,Morelos,94,Zacatepec-Galeana,2,Alpuyeca,18,Temixco,2,Primavera-Verano,1,Riego,200201,Tonelada,7490000,MAÍZ GRANO,35.0,35.0,0.0,164.03,4.69,6345.13,1040791.5,17018
2025,17,Morelos,94,Zacatepec-Galeana,2,Alpuyeca,18,Temixco,2,Primavera-Verano,1,Riego,200201,Tonelada,8970000,TOMATE ROJO (JITOMATE),1.0,1.0,0.0,210.0,210.0,7550.0,1585500.0,17018
2025,17,Morelos,94,Zacatepec-Galeana,2,Alpuyeca,18,Temixco,2,Primavera-Verano,2,Temporal,200201,Tonelada,5690000,CACAHUATE,31.0,31.0,0.0,63.0,2.03,2845.0,179235.0,17018
2025,17,Morelos,94,Zacatepec-Galeana,2,Alpuyeca,18,Temixco,2,Primavera-Verano,2,Temporal,200201,Tonelada,6840000,FRIJOL,25.0,25.0,0.0,35.25,1.41,14500.0,511125.0,17018
2025,17,Morelos,94,Zacatepec-Galeana,2,Alpuyeca,18,Temixco,2,Primavera-Verano,2,Temporal,200201,Tonelada,7490000,MAÍZ GRANO,49.0,49.0,0.0,205.98,4.2,5889.9,1213201.47,17018
2025,17,Morelos,94,Zacatepec-Galeana,2,Alpuyeca,18,Temixco,2,Primavera-Verano,2,Temporal,200201,Tonelada,8810000,SORGO GRANO,42.0,42.0,0.0,196.0,4.67,4350.0,852600.0,17018
2025,17,Morelos,94,Zacatepec-Galeana,2,Alpuyeca,18,Temixco,3,Perennes,1,Riego,200201,Tonelada,5820000,CAÑA DE AZÚCAR,0.0,0.0,0.0,0.0,,,0.0,17018
2025,17,Morelos,94,Zacatepec-Galeana,2,Alpuyeca,18,Temixco,3,Perennes,1,Riego,200201,Tonelada,7390000,LIMÓN,5.0,5.0,0.0,68.0,13.6,11048.31,751285.08,17018
2025,17,Morelos,94,Zacatepec-Galeana,2,Alpuyeca,18,Temixco,3,Perennes,1,Riego,200203,Gruesa,8610000,ROSA (GRUESA),137.0,137.0,0.0,337705.0,2465.0,205.02,69236279.1,17018
2025,17,Morelos,94,Zacatepec-Galeana,2,Alpuyeca,18,Temixco,3,Perennes,2,Temporal,200201,Tonelada,5050000,AGAVE,15.0,5.0,0.0,462.5,92.5,9000.0,4162500.0,17018
2025,17,Morelos,94,Zacatepec-Galeana,2,Alpuyeca,18,Temixco,3,Perennes,2,Temporal,200201,Tonelada,9500000,JATROPHA,37.0,37.0,0.0,99.9,2.7,4932.9,492796.71,17018
2025,17,Morelos,94,Zacatepec-Galeana,2,Alpuyeca,28,Xochitepec,1,Otoño-Invierno,1,Riego,200201,Tonelada,5740000,CALABACITA,22.0,22.0,0.0,311.0,14.14,4788.0,1489068.0,17028
2025,17,Morelos,94,Zacatepec-Galeana,2,Alpuyeca,28,Xochitepec,1,Otoño-Invierno,1,Riego,200201,Tonelada,5940000,CEBOLLA,115.0,115.0,0.0,3142.0,27.32,5216.0,16388672.0,17028
2025,17,Morelos,94,Zacatepec-Galeana,2,Alpuyeca,28,Xochitepec,1,Otoño-Invierno,1,Riego,200201,Tonelada,6610000,ELOTE,47.0,47.0,0.0,575.2,12.24,3438.5,1977825.2,17028
2025,17,Morelos,94,Zacatepec-Galeana,2,Alpuyeca,28,Xochitepec,1,Otoño-Invierno,1,Riego,200201,Tonelada,7490000,MAÍZ GRANO,11.0,11.0,0.0,53.9,4.9,5720.0,308308.0,17028
2025,17,Morelos,94,Zacatepec-Galeana,2,Alpuyeca,28,Xochitepec,1,Otoño-Invierno,1,Riego,200217,Metro cuadrado,8150000,PASTO TAPETE (M2),12.0,12.0,0.0,116760.0,9730.0,29.34,3425738.4,17028
2025,17,Morelos,94,Zacatepec-Galeana,2,Alpuyeca,28,Xochitepec,1,Otoño-Invierno,1,Riego,200201,Tonelada,8210000,PEPINO,5.0,5.0,0.0,1117.5,223.5,5856.09,6544180.58,17028
2025,17,Morelos,94,Zacatepec-Galeana,2,Alpuyeca,28,Xochitepec,1,Otoño-Invierno,1,Riego,200201,Tonelada,8970000,TOMATE ROJO (JITOMATE),7.0,7.0,0.0,1491.0,213.0,7452.34,11111438.94,17028
2025,17,Morelos,94,Zacatepec-Galeana,2,Alpuyeca,28,Xochitepec,2,Primavera-Verano,1,Riego,200201,Tonelada,5410000,ARROZ PALAY,59.0,59.0,0.0,590.0,10.0,5460.0,3221400.0,17028
2025,17,Morelos,94,Zacatepec-Galeana,2,Alpuyeca,28,Xochitepec,2,Primavera-Verano,1,Riego,200201,Tonelada,7240000,JÍCAMA,7.0,7.0,0.0,168.0,24.0,6741.08,1132501.44,17028
2025,17,Morelos,94,Zacatepec-Galeana,2,Alpuyeca,28,Xochitepec,2,Primavera-Verano,1,Riego,200201,Tonelada,7490000,MAÍZ GRANO,69.0,69.0,0.0,287.67,4.17,6449.97,1855461.91,17028
2025,17,Morelos,94,Zacatepec-Galeana,2,Alpuyeca,28,Xochitepec,2,Primavera-Verano,1,Riego,200201,Tonelada,8970000,TOMATE ROJO (JITOMATE),1.0,1.0,0.0,217.0,217.0,12900.0,2799300.0,17028
2025,17,Morelos,94,Zacatepec-Galeana,2,Alpuyeca,28,Xochitepec,2,Primavera-Verano,1,Riego,200201,Tonelada,8980000,TOMATE VERDE,2.5,2.5,0.0,33.0,13.2,8700.0,287100.0,17028
2025,17,Morelos,94,Zacatepec-Galeana,2,Alpuyeca,28,Xochitepec,2,Primavera-Verano,2,Temporal,200201,Tonelada,5690000,CACAHUATE,28.0,28.0,0.0,54.0,1.93,2835.0,153090.0,17028
2025,17,Morelos,94,Zacatepec-Galeana,2,Alpuyeca,28,Xochitepec,2,Primavera-Verano,2,Temporal,200201,Tonelada,7490000,MAÍZ GRANO,60.0,60.0,0.0,253.4,4.22,5990.0,1517866.0,17028
2025,17,Morelos,94,Zacatepec-Galeana,2,Alpuyeca,28,Xochitepec,2,Primavera-Verano,2,Temporal,200201,Tonelada,8810000,SORGO GRANO,11.0,11.0,0.0,27.0,2.45,4200.0,113400.0,17028
2025,17,Morelos,94,Zacatepec-Galeana,2,Alpuyeca,28,Xochitepec,3,Perennes,1,Riego,200201,Tonelada,5820000,CAÑA DE AZÚCAR,842.0,800.0,0.0,62500.0,78.13,1097.63,68601875.0,17028
2025,17,Morelos,94,Zacatepec-Galeana,2,Alpuyeca,28,Xochitepec,3,Perennes,1,Riego,200201,Tonelada,7150000,HIGO,2.0,2.0,0.0,15.0,7.5,45000.0,675000.0,17028
2025,17,Morelos,94,Zacatepec-Galeana,2,Alpuyeca,28,Xochitepec,3,Perennes,1,Riego,200201,Tonelada,7390000,LIMÓN,13.0,13.0,0.0,151.0,11.62,10115.39,1527424.49,17028
2025,17,Morelos,94,Zacatepec-Galeana,2,Alpuyeca,28,Xochitepec,3,Perennes,1,Riego,200201,Tonelada,7560000,MANGO,9.0,9.0,0.0,134.1,14.9,3545.45,475444.85,17028
2025,17,Morelos,94,Zacatepec-Galeana,2,Alpuyeca,28,Xochitepec,3,Perennes,1,Riego,200203,Gruesa,8610000,ROSA (GRUESA),18.0,18.0,0.0,42570.0,2365.0,271.49,11557329.3,17028
2025,17,Morelos,94,Zacatepec-Galeana,2,Alpuyeca,28,Xochitepec,3,Perennes,2,Temporal,200201,Tonelada,9500000,JATROPHA,36.0,36.0,0.0,97.2,2.7,4932.9,479477.88,17028
2025,17,Morelos,94,Zacatepec-Galeana,3,Cuernavaca,7,Cuernavaca,1,Otoño-Invierno,1,Riego,200201,Tonelada,5740000,CALABACITA,4.0,4.0,0.0,61.2,15.3,6370.0,389844.0,17007
2025,17,Morelos,94,Zacatepec-Galeana,3,Cuernavaca,7,Cuernavaca,1,Otoño-Invierno,1,Riego,200203,Gruesa,6990000,GLADIOLA (GRUESA),8.0,8.0,0.0,8720.0,1090.0,353.08,3078857.6,17007
2025,17,Morelos,94,Zacatepec-Galeana,3,Cuernavaca,7,Cuernavaca,1,Otoño-Invierno,1,Riego,200201,Tonelada,7490000,MAÍZ GRANO,12.0,12.0,0.0,59.8,4.98,7300.0,436540.0,17007
2025,17,Morelos,94,Zacatepec-Galeana,3,Cuernavaca,7,Cuernavaca,1,Otoño-Invierno,1,Riego,200217,Metro cuadrado,8150000,PASTO TAPETE (M2),8.0,8.0,0.0,79896.0,9987.0,30.67,2450410.32,17007
2025,17,Morelos,94,Zacatepec-Galeana,3,Cuernavaca,7,Cuernavaca,1,Otoño-Invierno,1,Riego,200201,Tonelada,8210000,PEPINO,5.0,5.0,0.0,66.13,13.23,6266.86,414427.45,17007
2025,17,Morelos,94,Zacatepec-Galeana,3,Cuernavaca,7,Cuernavaca,1,Otoño-Invierno,1,Riego,200201,Tonelada,8970000,TOMATE ROJO (JITOMATE),3.0,3.0,0.0,74.4,24.8,6597.55,490857.72,17007
2025,17,Morelos,94,Zacatepec-Galeana,3,Cuernavaca,7,Cuernavaca,1,Otoño-Invierno,1,Riego,200201,Tonelada,8980000,TOMATE VERDE,3.0,3.0,0.0,42.6,14.2,5100.0,217260.0,17007
2025,17,Morelos,94,Zacatepec-Galeana,3,Cuernavaca,7,Cuernavaca,2,Primavera-Verano,1,Riego,200201,Tonelada,5410000,ARROZ PALAY,4.5,4.5,0.0,44.0,9.78,6000.0,264000.0,17007
2025,17,Morelos,94,Zacatepec-Galeana,3,Cuernavaca,7,Cuernavaca,2,Primavera-Verano,1,Riego,200201,Tonelada,5740000,CALABACITA,3.0,3.0,0.0,45.0,15.0,5735.97,258118.65,17007
2025,17,Morelos,94,Zacatepec-Galeana,3,Cuernavaca,7,Cuernavaca,2,Primavera-Verano,1,Riego,200201,Tonelada,7490000,MAÍZ GRANO,19.0,19.0,0.0,118.44,6.23,5999.92,710630.59,17007
2025,17,Morelos,94,Zacatepec-Galeana,3,Cuernavaca,7,Cuernavaca,2,Primavera-Verano,1,Riego,200206,Planta,7900000,NOCHEBUENA (PLANTA),47.0,47.0,0.0,2765000.0,58829.79,45.0,124425000.0,17007
2025,17,Morelos,94,Zacatepec-Galeana,3,Cuernavaca,7,Cuernavaca,2,Primavera-Verano,1,Riego,200217,Metro cuadrado,8150000,PASTO TAPETE (M2),14.0,14.0,0.0,127950.0,9139.29,27.3,3493035.0,17007
2025,17,Morelos,94,Zacatepec-Galeana,3,Cuernavaca,7,Cuernavaca,2,Primavera-Verano,1,Riego,200201,Tonelada,8970000,TOMATE ROJO (JITOMATE),12.0,12.0,0.0,240.0,20.0,11500.0,2760000.0,17007
2025,17,Morelos,94,Zacatepec-Galeana,3,Cuernavaca,7,Cuernavaca,2,Primavera-Verano,1,Riego,200201,Tonelada,8980000,TOMATE VERDE,4.0,4.0,0.0,59.6,14.9,6633.26,395342.3,17007
2025,17,Morelos,94,Zacatepec-Galeana,3,Cuernavaca,7,Cuernavaca,2,Primavera-Verano,2,Temporal,200201,Tonelada,6840000,FRIJOL,39.0,39.0,0.0,56.94,1.46,10147.73,577811.75,17007
2025,17,Morelos,94,Zacatepec-Galeana,3,Cuernavaca,7,Cuernavaca,2,Primavera-Verano,2,Temporal,200201,Tonelada,7490000,MAÍZ GRANO,760.0,760.0,0.0,4156.87,5.47,3457.89,14373998.68,17007
2025,17,Morelos,94,Zacatepec-Galeana,3,Cuernavaca,7,Cuernavaca,2,Primavera-Verano,2,Temporal,200201,Tonelada,8810000,SORGO GRANO,142.0,142.0,0.0,688.0,4.85,4200.0,2889600.0,17007
2025,17,Morelos,94,Zacatepec-Galeana,3,Cuernavaca,7,Cuernavaca,2,Primavera-Verano,2,Temporal,200201,Tonelada,8970000,TOMATE ROJO (JITOMATE),26.0,26.0,0.0,637.0,24.5,11300.0,7198100.0,17007
2025,17,Morelos,94,Zacatepec-Galeana,3,Cuernavaca,7,Cuernavaca,3,Perennes,1,Riego,200201,Tonelada,7060000,GUAYABA,3.0,3.0,0.0,25.8,8.6,4800.0,123840.0,17007
2025,17,Morelos,94,Zacatepec-Galeana,3,Cuernavaca,7,Cuernavaca,3,Perennes,1,Riego,200203,Gruesa,8610000,ROSA (GRUESA),8.0,8.0,0.0,18570.0,2321.25,361.99,6722154.3,17007
2025,17,Morelos,94,Zacatepec-Galeana,3,Cuernavaca,7,Cuernavaca,3,Perennes,2,Temporal,200201,Tonelada,5060000,AGUACATE,266.0,266.0,0.0,2527.0,9.5,27769.96,70174688.92,17007
2025,17,Morelos,94,Zacatepec-Galeana,4,Yautepec,9,Huitzilac,2,Primavera-Verano,2,Temporal,200201,Tonelada,5490000,AVENA FORRAJERA EN VERDE,563.0,563.0,0.0,7014.98,12.46,910.0,6383631.8,17009
2025,17,Morelos,94,Zacatepec-Galeana,4,Yautepec,9,Huitzilac,2,Primavera-Verano,2,Temporal,200201,Tonelada,7100000,HABA GRANO,30.0,30.0,0.0,129.9,4.33,5800.0,753420.0,17009
2025,17,Morelos,94,Zacatepec-Galeana,4,Yautepec,9,Huitzilac,2,Primavera-Verano,2,Temporal,200201,Tonelada,7110000,HABA VERDE,45.0,45.0,0.0,270.0,6.0,5300.0,1431000.0,17009
2025,17,Morelos,94,Zacatepec-Galeana,4,Yautepec,9,Huitzilac,2,Primavera-Verano,2,Temporal,200201,Tonelada,7490000,MAÍZ GRANO,38.7,38.7,0.0,162.46,4.2,5189.22,843040.22,17009
2025,17,Morelos,94,Zacatepec-Galeana,4,Yautepec,9,Huitzilac,2,Primavera-Verano,2,Temporal,200201,Tonelada,8100000,PAPA,33.6,33.6,0.0,710.64,21.15,6218.0,4418759.52,17009
2025,17,Morelos,94,Zacatepec-Galeana,4,Yautepec,9,Huitzilac,3,Perennes,2,Temporal,200201,Tonelada,5060000,AGUACATE,21.0,21.0,0.0,199.5,9.5,14404.69,2873735.66,17009
2025,17,Morelos,94,Zacatepec-Galeana,4,Yautepec,9,Huitzilac,3,Perennes,2,Temporal,200201,Tonelada,6530000,DURAZNO,4.0,4.0,0.0,34.4,8.6,9000.0,309600.0,17009
2025,17,Morelos,94,Zacatepec-Galeana,4,Yautepec,9,Huitzilac,3,Perennes,2,Temporal,200201,Tonelada,7580000,MANZANA,3.0,3.0,0.0,44.4,14.8,5600.0,248640.0,17009
2025,17,Morelos,94,Zacatepec-Galeana,4,Yautepec,20,Tepoztlán,1,Otoño-Invierno,1,Riego,200201,Tonelada,5740000,CALABACITA,12.0,12.0,0.0,251.16,20.93,5715.73,1435562.75,17020
2025,17,Morelos,94,Zacatepec-Galeana,4,Yautepec,20,Tepoztlán,1,Otoño-Invierno,1,Riego,200201,Tonelada,6610000,ELOTE,8.0,8.0,0.0,139.2,17.4,3179.64,442605.89,17020
2025,17,Morelos,94,Zacatepec-Galeana,4,Yautepec,20,Tepoztlán,1,Otoño-Invierno,1,Riego,200203,Gruesa,6990000,GLADIOLA (GRUESA),6.0,5.8,0.2,6720.0,1158.62,245.45,1649424.0,17020
2025,17,Morelos,94,Zacatepec-Galeana,4,Yautepec,20,Tepoztlán,1,Otoño-Invierno,1,Riego,200201,Tonelada,8970000,TOMATE ROJO (JITOMATE),33.0,33.0,0.0,841.5,25.5,8871.02,7464963.33,17020
2025,17,Morelos,94,Zacatepec-Galeana,4,Yautepec,20,Tepoztlán,2,Primavera-Verano,1,Riego,200203,Gruesa,5040000,AGAPANDO (GRUESA),4.5,4.5,0.0,2670.45,593.43,310.0,827839.5,17020
2025,17,Morelos,94,Zacatepec-Galeana,4,Yautepec,20,Tepoztlán,2,Primavera-Verano,1,Riego,200201,Tonelada,6610000,ELOTE,12.2,11.9,0.3,109.87,9.23,2414.11,265238.27,17020
2025,17,Morelos,94,Zacatepec-Galeana,4,Yautepec,20,Tepoztlán,2,Primavera-Verano,1,Riego,200201,Tonelada,6840000,FRIJOL,2.0,2.0,0.0,2.4,1.2,13100.0,31440.0,17020
2025,17,Morelos,94,Zacatepec-Galeana,4,Yautepec,20,Tepoztlán,2,Primavera-Verano,1,Riego,200203,Gruesa,6990000,GLADIOLA (GRUESA),6.3,6.3,0.0,9642.97,1530.63,243.75,2350473.94,17020
2025,17,Morelos,94,Zacatepec-Galeana,4,Yautepec,20,Tepoztlán,2,Primavera-Verano,1,Riego,200201,Tonelada,7490000,MAÍZ GRANO,13.7,13.7,0.0,72.11,5.26,5150.1,371373.41,17020
2025,17,Morelos,94,Zacatepec-Galeana,4,Yautepec,20,Tepoztlán,2,Primavera-Verano,1,Riego,200206,Planta,7900000,NOCHEBUENA (PLANTA),18.0,18.0,0.0,1100236.0,61124.22,45.0,49510620.0,17020
2025,17,Morelos,94,Zacatepec-Galeana,4,Yautepec,20,Tepoztlán,2,Primavera-Verano,1,Riego,200201,Tonelada,8210000,PEPINO,14.0,14.0,0.0,215.04,15.36,5500.0,1182720.0,17020
2025,17,Morelos,94,Zacatepec-Galeana,4,Yautepec,20,Tepoztlán,2,Primavera-Verano,2,Temporal,200201,Tonelada,5490000,AVENA FORRAJERA EN VERDE,7.2,7.2,0.0,89.71,12.46,1195.32,107231.86,17020
2025,17,Morelos,94,Zacatepec-Galeana,4,Yautepec,20,Tepoztlán,2,Primavera-Verano,2,Temporal,200201,Tonelada,6840000,FRIJOL,5.7,5.7,0.0,7.0,1.23,13500.0,94500.0,17020
2025,17,Morelos,94,Zacatepec-Galeana,4,Yautepec,20,Tepoztlán,2,Primavera-Verano,2,Temporal,200203,Gruesa,6990000,GLADIOLA (GRUESA),11.5,11.5,0.0,12880.0,1120.0,210.0,2704800.0,17020
2025,17,Morelos,94,Zacatepec-Galeana,4,Yautepec,20,Tepoztlán,2,Primavera-Verano,2,Temporal,200201,Tonelada,7490000,MAÍZ GRANO,575.0,575.0,0.0,2940.7,5.11,5173.35,15213279.19,17020
2025,17,Morelos,94,Zacatepec-Galeana,4,Yautepec,20,Tepoztlán,2,Primavera-Verano,2,Temporal,200201,Tonelada,8810000,SORGO GRANO,80.0,80.0,0.0,87.2,1.09,4252.94,370856.37,17020
2025,17,Morelos,94,Zacatepec-Galeana,4,Yautepec,20,Tepoztlán,2,Primavera-Verano,2,Temporal,200201,Tonelada,8970000,TOMATE ROJO (JITOMATE),345.5,345.5,0.0,8913.9,25.8,6875.54,61287876.01,17020
2025,17,Morelos,94,Zacatepec-Galeana,4,Yautepec,20,Tepoztlán,2,Primavera-Verano,2,Temporal,200201,Tonelada,8980000,TOMATE VERDE,12.0,12.0,0.0,144.0,12.0,5400.0,777600.0,17020
2025,17,Morelos,94,Zacatepec-Galeana,4,Yautepec,20,Tepoztlán,3,Perennes,1,Riego,200201,Tonelada,5820000,CAÑA DE AZÚCAR,15.0,15.0,0.0,1500.0,100.0,1135.45,1703175.0,17020
2025,17,Morelos,94,Zacatepec-Galeana,4,Yautepec,20,Tepoztlán,3,Perennes,2,Temporal,200203,Gruesa,5040000,AGAPANDO (GRUESA),4.0,4.0,0.0,1604.6,401.15,250.0,401150.0,17020
2025,17,Morelos,94,Zacatepec-Galeana,4,Yautepec,20,Tepoztlán,3,Perennes,2,Temporal,200201,Tonelada,5060000,AGUACATE,108.0,88.0,0.0,836.0,9.5,21300.0,17806800.0,17020
2025,17,Morelos,94,Zacatepec-Galeana,4,Yautepec,20,Tepoztlán,3,Perennes,2,Temporal,200201,Tonelada,6220000,CIRUELA,57.0,57.0,0.0,256.5,4.5,12000.0,3078000.0,17020
2025,17,Morelos,94,Zacatepec-Galeana,4,Yautepec,20,Tepoztlán,3,Perennes,2,Temporal,200201,Tonelada,6530000,DURAZNO,8.0,8.0,0.0,68.4,8.55,10336.67,707028.23,17020
2025,17,Morelos,94,Zacatepec-Galeana,4,Yautepec,20,Tepoztlán,3,Perennes,2,Temporal,200201,Tonelada,7920000,NOPALITOS,61.0,61.0,0.0,4567.7,74.88,4653.33,21255015.44,17020
