ctn_id,chainage_m,ctn_type,strategic_label,chainage_km,geometry_status,snap_distance_m,n_intersections_1km,lon,lat
CTN_000,0.0,endpoint_origin,plaza_cobro:Caminero,0.0,RNC_SNAPPED,0.0,276,-99.166744,19.288224
CTN_001,7085.672053675726,toll_plaza,plaza_cobro:Tlalpan,7.086,RNC_SNAPPED,0.0,251,-99.145205,19.235963
CTN_002,10000.0,nominal_10km,,10.0,RNC_SNAPPED,0.0,20,-99.135177,19.227532
CTN_003,20000.0,nominal_10km,,20.0,RNC_SNAPPED,0.0,7,-99.154108,19.163516
CTN_004,30000.0,nominal_10km,,30.0,RNC_SNAPPED,0.0,1,-99.210013,19.095022
CTN_005,36574.438004867414,toll_plaza,plaza_cobro:Tres Marías (1A),36.574,RNC_SNAPPED,0.0,243,-99.240968,19.050933
CTN_006,40000.0,nominal_10km,,40.0,RNC_SNAPPED,0.0,5,-99.217905,19.03129
CTN_007,50000.0,nominal_10km,,50.0,RNC_SNAPPED,0.0,3,-99.140511,19.020285
CTN_008,60000.0,nominal_10km,,60.0,RNC_SNAPPED,0.0,5,-99.223434,18.981894
CTN_009,70000.0,nominal_10km,,70.0,RNC_SNAPPED,0.0,85,-99.229291,18.912089
CTN_010,80000.0,nominal_10km,plaza_cobro:Emiliano Zapata,80.0,RNC_SNAPPED,0.0,115,-99.218059,18.82777
CTN_011,82831.11346200005,toll_plaza,plaza_cobro:Aeropuerto,82.831,RNC_SNAPPED,0.0,82,-99.220388,18.802235
CTN_012,85931.42674660885,toll_plaza,plaza_cobro:Xochitepec,85.931,RNC_SNAPPED,0.0,358,-99.224748,18.774775
CTN_013,90000.0,nominal_10km,,90.0,RNC_SNAPPED,0.0,137,-99.246977,18.745108
CTN_014,92844.86785936223,toll_plaza,plaza_cobro:Alpuyeca,92.845,RNC_SNAPPED,0.0,36,-99.260328,18.723344
CTN_015,96205.03378880335,toll_plaza,plaza_cobro:Ing. Francisco Velasco Durán,96.205,RNC_SNAPPED,0.0,5,-99.27802,18.69836
CTN_016,100000.0,nominal_10km,,100.0,RNC_SNAPPED,0.0,2,-99.295001,18.668503
CTN_017,110000.0,nominal_10km,,110.0,RNC_SNAPPED,0.0,58,-99.263715,18.590834
CTN_018,120000.0,nominal_10km,,120.0,RNC_SNAPPED,0.0,0,-99.200177,18.529599
CTN_019,130000.0,nominal_10km,,130.0,RNC_SNAPPED,0.0,12,-99.173917,18.447409
CTN_020,140000.0,nominal_10km,,140.0,RNC_SNAPPED,0.0,1,-99.179968,18.361996
CTN_021,150000.0,nominal_10km,,150.0,RNC_SNAPPED,0.0,0,-99.209047,18.279087
CTN_022,155718.39081644968,toll_plaza,plaza_cobro:Paso Morelos,155.718,RNC_SNAPPED,0.0,23,-99.215419,18.231454
CTN_023,160000.0,nominal_10km,,160.0,RNC_SNAPPED,0.0,0,-99.206411,18.195545
CTN_024,170000.0,nominal_10km,,170.0,RNC_SNAPPED,0.0,1,-99.204977,18.109281
CTN_025,180000.0,nominal_10km,,180.0,RNC_SNAPPED,0.0,11,-99.261532,18.042784
CTN_026,190000.0,nominal_10km,,190.0,RNC_SNAPPED,0.0,1,-99.323156,17.978327
CTN_027,200000.0,nominal_10km,,200.0,RNC_SNAPPED,0.0,1,-99.376766,17.915635
CTN_028,210000.0,nominal_10km,,210.0,RNC_SNAPPED,0.0,0,-99.416399,17.853537
CTN_029,220000.0,nominal_10km,,220.0,RNC_SNAPPED,0.0,0,-99.481498,17.797739
CTN_030,230000.0,nominal_10km,,230.0,RNC_SNAPPED,0.0,1,-99.504772,17.71858
CTN_031,240000.0,nominal_10km,,240.0,RNC_SNAPPED,0.0,1,-99.504144,17.639936
CTN_032,250000.0,nominal_10km,,250.0,RNC_SNAPPED,0.0,756,-99.505912,17.558581
CTN_033,260000.0,nominal_10km,,260.0,RNC_SNAPPED,0.0,1,-99.471188,17.477361
CTN_034,266496.45249604876,toll_plaza,plaza_cobro:Palo Blanco,266.496,RNC_SNAPPED,0.0,16,-99.466905,17.424019
CTN_035,270000.0,nominal_10km,,270.0,RNC_SNAPPED,0.0,44,-99.46573,17.39471
CTN_036,280000.0,nominal_10km,,280.0,RNC_SNAPPED,0.0,0,-99.484792,17.316976
CTN_037,290000.0,nominal_10km,,290.0,RNC_SNAPPED,0.0,62,-99.523858,17.238103
CTN_038,300000.0,nominal_10km,,300.0,RNC_SNAPPED,0.0,5,-99.554049,17.16742
CTN_039,310000.0,nominal_10km,,310.0,RNC_SNAPPED,0.0,0,-99.592825,17.099578
CTN_040,320000.0,nominal_10km,,320.0,RNC_SNAPPED,0.0,0,-99.637411,17.034111
CTN_041,330000.0,nominal_10km,,330.0,RNC_SNAPPED,0.0,0,-99.708915,16.983521
CTN_042,340000.0,nominal_10km,,340.0,RNC_SNAPPED,0.0,0,-99.781946,16.937155
CTN_043,342599.87741842686,toll_plaza,plaza_cobro:La Venta,342.6,RNC_SNAPPED,0.0,30,-99.801875,16.928236
CTN_044,350000.0,nominal_10km,plaza_cobro:Las Cruces (Maxitúnel),350.0,RNC_SNAPPED,0.0,735,-99.846981,16.881849
CTN_045,353969.5396222411,endpoint_destination,,353.97,RNC_SNAPPED,0.0,477,-99.865152,16.864666
