ctn_id,chainage_m,ctn_type,strategic_label,chainage_km,geometry_status,snap_distance_m,n_intersections_1km,lon,lat,road_dist_m,road_tipo_vial,road_cond_pav,road_recubri,road_carriles,road_nivel,road_peaje,road_administra,road_jurisdi,road_circula,road_velocidad,road_ancho,allsky_sfc_sw_dwn_mean,prectotcorr_mean,t2m_mean,t2m_max_mean,ws10m_mean,allsky_sfc_sw_dwn_std,prectotcorr_std,t2m_std,t2m_max_std,ws10m_std,allsky_sfc_sw_dwn_p10,prectotcorr_p10,t2m_p10,t2m_max_p10,ws10m_p10,allsky_sfc_sw_dwn_p90,prectotcorr_p90,t2m_p90,t2m_max_p90,ws10m_p90,allsky_sfc_sw_dwn_seasonal_amplitude,prectotcorr_seasonal_amplitude,t2m_seasonal_amplitude,t2m_max_seasonal_amplitude,ws10m_seasonal_amplitude,allsky_sfc_sw_dwn_min_month,prectotcorr_min_month,t2m_min_month,t2m_max_min_month,ws10m_min_month,allsky_sfc_sw_dwn_missing_pct,prectotcorr_missing_pct,t2m_missing_pct,t2m_max_missing_pct,ws10m_missing_pct,denue_n_est_5km,denue_n_food_lodging_5km,denue_n_retail_5km,denue_n_gas_stations_5km,denue_n_auto_repair_5km,denue_n_large_est_5km,denue_sector_shannon_5km,denue_n_distinct_activities_5km,pop_5km,n_localities_5km,rural_pop_share_5km,pop_10km,n_localities_10km,rural_pop_share_10km,schooling_mean_10km,pct_dwellings_electricity_10km,pop_20km,n_localities_20km,rural_pop_share_20km,dist_nearest_locality_m,pop_nearest_locality,cve_mun,mun_assignment_method,mun_agri_sown_ha,mun_agri_harvested_ha,mun_agri_value_mxn,mun_agri_n_crops,mun_agri_crop_shannon,mun_agri_top_crop,mun_agri_top_crop_share,mun_agri_irrigated_share,mun_agri_loss_share,toll_road,red
CTN_000,0.0,endpoint_origin,plaza_cobro:Caminero,0.0,RNC_SNAPPED,0.0,276,-99.166744,19.288224,0.0353791984924134,Calle,,,2,0,No,,,Un sentido,30,7.0,5.539947499999999,2.165166666666667,14.43975,25.465,1.884083333333333,0.7447629756571307,2.1474013935680585,2.265251748303768,2.862526650274092,0.2897825781116436,4.68526,0.119,11.318,22.136,1.53,6.63251,5.259000000000002,17.036000000000005,29.601000000000003,2.26,1.8665400000000003,5.106999999999999,6.838999999999997,7.350000000000001,0.583,12,12,1,12,7,0.0,0.0,0.0,0.0,0.0,26418.0,3623.0,10633.0,22.0,1066.0,627.0,1.996149181634476,619.0,599935.0,1,0.0,2421564,115,0.0060675662505719,12.125593024489945,99.69311226765404,7756571,584,0.0079604763496653,40.44714632419928,599935,09012,nearest_locality_proxy,5405.099999999999,5390.099999999999,536333485.46,26,1.3433018768982412,AVENA FORRAJERA EN VERDE,0.5716823000499529,0.0013320752622523,0.0,True,federal
CTN_001,7085.672053675726,toll_plaza,plaza_cobro:Tlalpan,7.086,RNC_SNAPPED,0.0,251,-99.145205,19.235963,0.0042022265575485,Carretera,Con pavimento,Asfalto,3,0,Si,Federal,Fed.,Un sentido,90,10.5,5.539947499999999,2.504916666666667,18.08575,28.60758333333333,1.9055833333333332,0.7447629756571307,2.6355006846031017,2.096486321195057,2.9627258615694303,0.2973547123049709,4.68526,0.079,15.603,25.427,1.54,6.63251,6.454000000000001,20.811000000000003,32.772000000000006,2.322,1.8665400000000003,6.281999999999999,6.352000000000002,7.376000000000001,0.752,12,12,1,9,8,0.0,0.0,0.0,0.0,0.0,14021.0,1420.0,6998.0,6.0,544.0,123.0,1.78797934444686,456.0,49684.0,65,0.1730335721761532,1183506,313,0.0271802593311736,11.184449557839256,99.5681012811582,6398601,616,0.0092778093211312,321.9916010252741,102,09013,nearest_locality_proxy,1562.75,1546.15,471399650.1,43,2.437400579880749,MAÍZ GRANO,0.3506638937769957,0.2535594304911214,0.0080627099664053,True,federal
CTN_002,10000.0,nominal_10km,,10.0,RNC_SNAPPED,0.0,20,-99.135177,19.227532,0.0142417354745911,Carretera,Con pavimento,Asfalto,2,0,Si,Federal,Fed.,Un sentido,90,7.0,5.539947499999999,2.504916666666667,18.08575,28.60758333333333,1.9055833333333332,0.7447629756571307,2.6355006846031017,2.096486321195057,2.9627258615694303,0.2973547123049709,4.68526,0.079,15.603,25.427,1.54,6.63251,6.454000000000001,20.811000000000003,32.772000000000006,2.322,1.8665400000000003,6.281999999999999,6.352000000000002,7.376000000000001,0.752,12,12,1,9,8,0.0,0.0,0.0,0.0,0.0,13581.0,1328.0,7400.0,6.0,469.0,98.0,1.6845606762682377,431.0,54471.0,83,0.2457087257439738,1193478,347,0.0309716643289612,11.171799830198374,99.57128254464554,6004769,619,0.0102893217041321,144.82849315084394,53,09013,nearest_locality_proxy,1562.75,1546.15,471399650.1,43,2.437400579880749,MAÍZ GRANO,0.3506638937769957,0.2535594304911214,0.0080627099664053,True,federal
CTN_003,20000.0,nominal_10km,,20.0,RNC_SNAPPED,0.0,7,-99.154108,19.163516,0.0134577427580614,Carretera,Con pavimento,Asfalto,2,0,Si,Federal,Fed.,Un sentido,90,7.0,5.539947499999999,2.504916666666667,18.08575,28.60758333333333,1.9055833333333332,0.7447629756571307,2.6355006846031017,2.096486321195057,2.9627258615694303,0.2973547123049709,4.68526,0.079,15.603,25.427,1.54,6.63251,6.454000000000001,20.811000000000003,32.772000000000006,2.322,1.8665400000000003,6.281999999999999,6.352000000000002,7.376000000000001,0.752,12,12,1,9,8,0.0,0.0,0.0,0.0,0.0,1819.0,173.0,1031.0,1.0,55.0,9.0,1.595084849414646,192.0,49283.0,58,0.1014345717590244,140894,264,0.1757775348843811,9.5502507774528,98.91181263291628,1932029,631,0.0358245140212698,381.5032587045648,35,09012,nearest_locality_proxy,5405.099999999999,5390.099999999999,536333485.46,26,1.3433018768982412,AVENA FORRAJERA EN VERDE,0.5716823000499529,0.0013320752622523,0.0,True,federal
CTN_004,30000.0,nominal_10km,,30.0,RNC_SNAPPED,0.0,1,-99.210013,19.095022,0.0321761361641987,Carretera,Con pavimento,Asfalto,2,0,Si,Federal,Fed.,Un sentido,110,7.0,5.539947499999999,2.504916666666667,18.08575,28.60758333333333,1.9055833333333332,0.7447629756571307,2.6355006846031017,2.096486321195057,2.9627258615694303,0.2973547123049709,4.68526,0.079,15.603,25.427,1.54,6.63251,6.454000000000001,20.811000000000003,32.772000000000006,2.322,1.8665400000000003,6.281999999999999,6.352000000000002,7.376000000000001,0.752,12,12,1,9,8,0.0,0.0,0.0,0.0,0.0,17.0,1.0,9.0,1.0,0.0,1.0,1.3945573191650285,11.0,779.0,6,1.0,26331,63,0.3898066917321788,9.553025695605898,98.46219564288764,600567,513,0.1290763561767463,1947.5071692005288,96,17009,nearest_locality_proxy,2111.0,2111.0,49957764.03,8,0.7239941251666636,AVENA FORRAJERA EN VERDE,0.8053055423969683,0.0,0.0,True,federal
CTN_005,36574.43800486741,toll_plaza,plaza_cobro:Tres Marías (1A),36.574,RNC_SNAPPED,0.0,243,-99.240968,19.050933,0.0323053096767414,Carretera,Con pavimento,Asfalto,3,0,Si,Federal,Fed.,Un sentido,110,10.0,5.539947499999999,2.504916666666667,18.08575,28.60758333333333,1.9055833333333332,0.7447629756571307,2.6355006846031017,2.096486321195057,2.9627258615694303,0.2973547123049709,4.68526,0.079,15.603,25.427,1.54,6.63251,6.454000000000001,20.811000000000003,32.772000000000006,2.322,1.8665400000000003,6.281999999999999,6.352000000000002,7.376000000000001,0.752,12,12,1,9,8,0.0,0.0,0.0,0.0,0.0,1210.0,228.0,550.0,3.0,42.0,4.0,1.8352249773389693,190.0,23962.0,62,0.4628995910191136,31400,90,0.474171974522293,9.656700544811546,98.51607584501237,737525,361,0.1092315514728314,354.43602846847654,7523,17009,nearest_locality_proxy,2111.0,2111.0,49957764.03,8,0.7239941251666636,AVENA FORRAJERA EN VERDE,0.8053055423969683,0.0,0.0,True,federal
CTN_006,40000.0,nominal_10km,,40.0,RNC_SNAPPED,0.0,5,-99.217905,19.03129,0.0406783861451899,Carretera,Con pavimento,Asfalto,3,0,Si,Federal,Fed.,Un sentido,110,10.0,5.539947499999999,2.504916666666667,18.08575,28.60758333333333,1.9055833333333332,0.7447629756571307,2.6355006846031017,2.096486321195057,2.9627258615694303,0.2973547123049709,4.68526,0.079,15.603,25.427,1.54,6.63251,6.454000000000001,20.811000000000003,32.772000000000006,2.322,1.8665400000000003,6.281999999999999,6.352000000000002,7.376000000000001,0.752,12,12,1,9,8,0.0,0.0,0.0,0.0,0.0,827.0,184.0,357.0,2.0,24.0,2.0,1.8566610586820975,161.0,17218.0,51,0.563073527703566,57862,118,0.5034737824478933,10.345281264045916,98.94781917171346,731620,373,0.1156638692217271,523.4756528320253,7,17009,nearest_locality_proxy,2111.0,2111.0,49957764.03,8,0.7239941251666636,AVENA FORRAJERA EN VERDE,0.8053055423969683,0.0,0.0,True,federal
CTN_007,50000.0,nominal_10km,,50.0,RNC_SNAPPED,0.0,3,-99.140511,19.020285,0.0286255074534887,Carretera,Con pavimento,Asfalto,3,0,Si,Federal,Fed.,Un sentido,110,10.0,5.539947499999999,2.504916666666667,18.08575,28.60758333333333,1.9055833333333332,0.7447629756571307,2.6355006846031017,2.096486321195057,2.9627258615694303,0.2973547123049709,4.68526,0.079,15.603,25.427,1.54,6.63251,6.454000000000001,20.811000000000003,32.772000000000006,2.322,1.8665400000000003,6.281999999999999,6.352000000000002,7.376000000000001,0.752,12,12,1,9,8,0.0,0.0,0.0,0.0,0.0,106.0,16.0,46.0,0.0,2.0,0.0,1.7811833918462292,41.0,959.0,6,1.0,58883,92,0.5481038669904726,10.009400081552212,99.01555663587747,844590,452,0.1156075729051966,338.43236493248975,3,17020,nearest_locality_proxy,2731.8,2705.8,204632548.78,17,1.2610410479373633,MAÍZ GRANO,0.6999048246577347,0.0500768723918295,0.0,True,federal
CTN_008,60000.0,nominal_10km,,60.0,RNC_SNAPPED,0.0,5,-99.223434,18.981894,0.0425569072172706,Carretera,Con pavimento,Asfalto,3,0,Si,Federal,Fed.,Un sentido,110,10.0,5.9687,2.504916666666667,18.08575,28.60758333333333,1.9055833333333332,0.7676433462610247,2.6355006846031017,2.096486321195057,2.9627258615694303,0.2973547123049709,4.98873,0.079,15.603,25.427,1.54,7.01062,6.454000000000001,20.811000000000003,32.772000000000006,2.322,2.2429500000000004,6.281999999999999,6.352000000000002,7.376000000000001,0.752,12,12,1,9,8,0.0,0.0,0.0,0.0,0.0,8799.0,1253.0,3422.0,19.0,496.0,112.0,2.02852519248116,455.0,24796.0,63,0.7443942571382481,420154,146,0.0879296638851468,11.181121153406712,99.46931058042168,942460,353,0.1049307132398192,192.86709026352864,132,17007,nearest_locality_proxy,1743.9,1743.9,240955361.53000003,14,1.2729920420065166,MAÍZ GRANO,0.6439589425999197,0.1048798669648489,0.0,True,federal
CTN_009,70000.0,nominal_10km,,70.0,RNC_SNAPPED,0.0,85,-99.229291,18.912089,0.0356985254688415,Calle,,,2,0,No,,,Dos sentidos,30,7.0,5.9687,2.504916666666667,18.08575,28.60758333333333,1.9055833333333332,0.7676433462610247,2.6355006846031017,2.096486321195057,2.9627258615694303,0.2973547123049709,4.98873,0.079,15.603,25.427,1.54,7.01062,6.454000000000001,20.811000000000003,32.772000000000006,2.322,2.2429500000000004,6.281999999999999,6.352000000000002,7.376000000000001,0.752,12,12,1,9,8,0.0,0.0,0.0,0.0,0.0,20735.0,2756.0,8485.0,37.0,752.0,300.0,2.0214589541531107,548.0,345465.0,18,0.0128406640325358,813108,130,0.0577204996138274,10.659478410917592,99.45413795270312,1048315,454,0.1087402164425768,1222.0366398247847,341029,17007,nearest_locality_proxy,1743.9,1743.9,240955361.53000003,14,1.2729920420065166,MAÍZ GRANO,0.6439589425999197,0.1048798669648489,0.0,True,federal
CTN_010,80000.0,nominal_10km,plaza_cobro:Emiliano Zapata,80.0,RNC_SNAPPED,0.0,115,-99.218059,18.82777,1.7621335402155647e-05,Carretera,Con pavimento,Asfalto,2,0,Si,Federal,Fed.,Un sentido,110,6.0,5.9687,2.504916666666667,18.08575,28.60758333333333,1.9055833333333332,0.7676433462610247,2.6355006846031017,2.096486321195057,2.9627258615694303,0.2973547123049709,4.98873,0.079,15.603,25.427,1.54,7.01062,6.454000000000001,20.811000000000003,32.772000000000006,2.322,2.2429500000000004,6.281999999999999,6.352000000000002,7.376000000000001,0.752,12,12,1,9,8,0.0,0.0,0.0,0.0,0.0,11392.0,1396.0,5512.0,24.0,477.0,58.0,1.8002808932631245,400.0,224243.0,59,0.0478275799021597,496546,157,0.0835592271410906,9.964579978445451,99.37207871643838,1132573,495,0.1053936479149688,581.1238382490153,15,17018,nearest_locality_proxy,1209.0,1194.0,126670416.46,17,1.8859744286081472,MAÍZ GRANO,0.3457402812241522,0.3176178660049628,0.0,True,federal
CTN_011,82831.11346200005,toll_plaza,plaza_cobro:Aeropuerto,82.831,RNC_SNAPPED,0.0,82,-99.220388,18.802235,0.0037888496275314,Carretera,Con pavimento,Asfalto,2,0,Si,Federal,Fed.,Un sentido,110,6.0,5.9687,2.504916666666667,18.08575,28.60758333333333,1.9055833333333332,0.7676433462610247,2.6355006846031017,2.096486321195057,2.9627258615694303,0.2973547123049709,4.98873,0.079,15.603,25.427,1.54,7.01062,6.454000000000001,20.811000000000003,32.772000000000006,2.322,2.2429500000000004,6.281999999999999,6.352000000000002,7.376000000000001,0.752,12,12,1,9,8,0.0,0.0,0.0,0.0,0.0,7066.0,1004.0,3199.0,19.0,324.0,44.0,1.8597672159269587,366.0,177402.0,70,0.0903315633420141,484741,164,0.0789782584926796,9.97322877265533,99.36216732790824,1155469,492,0.1054039528537762,516.0571042698562,30,17028,nearest_locality_proxy,1666.0,1615.0,163744095.06000003,18,1.7382574847102117,CAÑA DE AZÚCAR,0.5258103241296519,0.8037214885954381,0.0,True,federal
CTN_012,85931.42674660885,toll_plaza,plaza_cobro:Xochitepec,85.931,RNC_SNAPPED,0.0,358,-99.224748,18.774775,0.006123708610857,Carretera,Con pavimento,Asfalto,2,0,Si,Federal,Fed.,Un sentido,110,6.0,5.9687,2.504916666666667,18.08575,28.60758333333333,1.9055833333333332,0.7676433462610247,2.6355006846031017,2.096486321195057,2.9627258615694303,0.2973547123049709,4.98873,0.079,15.603,25.427,1.54,7.01062,6.454000000000001,20.811000000000003,32.772000000000006,2.322,2.2429500000000004,6.281999999999999,6.352000000000002,7.376000000000001,0.752,12,12,1,9,8,0.0,0.0,0.0,0.0,0.0,3145.0,497.0,1318.0,12.0,153.0,21.0,1.934831250328132,288.0,69653.0,74,0.2294947812728812,323460,169,0.1237710999814505,9.29693509875604,99.22324029329376,1130329,500,0.1047199532171606,580.9422351924252,3409,17028,nearest_locality_proxy,1666.0,1615.0,163744095.06000003,18,1.7382574847102117,CAÑA DE AZÚCAR,0.5258103241296519,0.8037214885954381,0.0,True,federal
CTN_013,90000.0,nominal_10km,,90.0,RNC_SNAPPED,0.0,137,-99.246977,18.745108,0.0095652278133231,Carretera,Con pavimento,Asfalto,2,0,Si,Federal,Fed.,Un sentido,110,6.0,5.9687,2.6145,22.45025,32.3785,2.0364166666666668,0.7676433462610247,2.8859435781273435,2.220664773849292,3.332949749638216,0.3103990270964278,4.98873,0.04,19.878,28.455,1.65,7.01062,6.903000000000002,25.969,37.283,2.442,2.2429500000000004,6.947,6.235999999999997,8.855999999999998,0.7699999999999998,12,12,12,9,9,0.0,0.0,0.0,0.0,0.0,1631.0,292.0,708.0,8.0,55.0,15.0,1.905267851502324,231.0,51104.0,61,0.2561639010644959,160753,175,0.2251964193514273,8.930917366641554,99.04947825884868,1128589,519,0.1020832207296013,375.1728768657805,595,17028,nearest_locality_proxy,1666.0,1615.0,163744095.06000003,18,1.7382574847102117,CAÑA DE AZÚCAR,0.5258103241296519,0.8037214885954381,0.0,True,federal
CTN_014,92844.86785936225,toll_plaza,plaza_cobro:Alpuyeca,92.845,RNC_SNAPPED,0.0,36,-99.260328,18.723344,0.0538735829723857,Carretera,Con pavimento,Asfalto,3,0,Si,Federal,Fed.,Un sentido,110,9.0,5.9687,2.6145,22.45025,32.3785,2.0364166666666668,0.7676433462610247,2.8859435781273435,2.220664773849292,3.332949749638216,0.3103990270964278,4.98873,0.04,19.878,28.455,1.65,7.01062,6.903000000000002,25.969,37.283,2.442,2.2429500000000004,6.947,6.235999999999997,8.855999999999998,0.7699999999999998,12,12,12,9,9,0.0,0.0,0.0,0.0,0.0,2121.0,303.0,1039.0,7.0,64.0,11.0,1.7369605836955972,221.0,43428.0,45,0.1522750299346044,134841,166,0.2217500611831712,8.83316329485133,98.87488748874888,779429,518,0.1433741880273892,396.2052117395645,219,17028,nearest_locality_proxy,1666.0,1615.0,163744095.06000003,18,1.7382574847102117,CAÑA DE AZÚCAR,0.5258103241296519,0.8037214885954381,0.0,True,federal
CTN_015,96205.03378880335,toll_plaza,plaza_cobro:Ing. Francisco Velasco Durán,96.205,RNC_SNAPPED,0.0,5,-99.27802,18.69836,0.0317601927980931,Carretera,Con pavimento,Asfalto,4,0,Si,Federal,Fed.,Un sentido,110,12.0,5.9687,2.6145,22.45025,32.3785,2.0364166666666668,0.7676433462610247,2.8859435781273435,2.220664773849292,3.332949749638216,0.3103990270964278,4.98873,0.04,19.878,28.455,1.65,7.01062,6.903000000000002,25.969,37.283,2.442,2.2429500000000004,6.947,6.235999999999997,8.855999999999998,0.7699999999999998,12,12,12,9,9,0.0,0.0,0.0,0.0,0.0,1831.0,264.0,867.0,6.0,58.0,10.0,1.739894809470634,196.0,35063.0,40,0.1876336879331489,94943,149,0.2743540861358921,8.762631689977429,98.76288659793816,598310,514,0.1904898798281827,1395.9592370618293,106,17035,nearest_locality_proxy,154.0,154.0,5390076.19,4,0.5964393007537787,MAÍZ GRANO,0.8441558441558441,0.3181818181818182,0.0,True,federal
CTN_016,100000.0,nominal_10km,,100.0,RNC_SNAPPED,0.0,2,-99.295001,18.668503,0.0390608239286728,Carretera,Con pavimento,Asfalto,2,0,Si,Federal,Fed.,Un sentido,110,6.0,5.9687,2.6145,22.45025,32.3785,2.0364166666666668,0.7676433462610247,2.8859435781273435,2.220664773849292,3.332949749638216,0.3103990270964278,4.98873,0.04,19.878,28.455,1.65,7.01062,6.903000000000002,25.969,37.283,2.442,2.2429500000000004,6.947,6.235999999999997,8.855999999999998,0.7699999999999998,12,12,12,9,9,0.0,0.0,0.0,0.0,0.0,565.0,112.0,259.0,3.0,21.0,7.0,1.730652784470012,118.0,9175.0,29,0.5192370572207085,109063,137,0.2272264654374077,8.939066741302891,98.85987875447782,397450,483,0.277302805384325,1308.3223080523046,42,17017,nearest_locality_proxy,4592.0,4162.0,214110482.4,25,1.844938941321629,MAÍZ GRANO,0.297691637630662,0.4679878048780488,0.0,True,federal
CTN_017,110000.0,nominal_10km,,110.0,RNC_SNAPPED,0.0,58,-99.263715,18.590834,0.0073660319368171,Carretera,Con pavimento,Asfalto,2,0,Si,Federal,Fed.,Un sentido,110,6.0,5.9687,2.6145,22.45025,32.3785,2.0364166666666668,0.7676433462610247,2.8859435781273435,2.220664773849292,3.332949749638216,0.3103990270964278,4.98873,0.04,19.878,28.455,1.65,7.01062,6.903000000000002,25.969,37.283,2.442,2.2429500000000004,6.947,6.235999999999997,8.855999999999998,0.7699999999999998,12,12,12,9,9,0.0,0.0,0.0,0.0,0.0,689.0,135.0,280.0,2.0,34.0,4.0,1.930829417878103,144.0,13964.0,40,0.3006301919220853,110869,152,0.2201697498849994,9.607009842875204,99.05860349127182,293878,384,0.2546498887293366,503.2996265216266,13,17012,nearest_locality_proxy,5052.0,4630.0,387405882.5,20,1.7324907171050763,CAÑA DE AZÚCAR,0.4483372921615202,0.697347585114806,0.0,True,federal
CTN_018,120000.0,nominal_10km,,120.0,RNC_SNAPPED,0.0,0,-99.200177,18.529599,0.0084180551488098,Carretera,Con pavimento,Asfalto,2,0,Si,Federal,Fed.,Un sentido,110,6.0,5.9687,2.6145,22.45025,32.3785,2.0364166666666668,0.7676433462610247,2.8859435781273435,2.220664773849292,3.332949749638216,0.3103990270964278,4.98873,0.04,19.878,28.455,1.65,7.01062,6.903000000000002,25.969,37.283,2.442,2.2429500000000004,6.947,6.235999999999997,8.855999999999998,0.7699999999999998,12,12,12,9,9,0.0,0.0,0.0,0.0,0.0,17.0,0.0,10.0,0.0,0.0,0.0,1.315658070398555,9.0,1721.0,7,1.0,60463,89,0.1895374030398756,9.271447357524968,99.01845308205732,242918,281,0.2077573502169456,1399.039496365409,375,17025,nearest_locality_proxy,6380.0,5671.0,349453798.26000005,22,1.4521922174275703,CAÑA DE AZÚCAR,0.390282131661442,0.516614420062696,0.0,True,federal
CTN_019,130000.0,nominal_10km,,130.0,RNC_SNAPPED,0.0,12,-99.173917,18.447409,0.000985914377825,Carretera,Con pavimento,Asfalto,2,0,Si,Federal,Fed.,Un sentido,110,6.0,5.9687,2.6145,22.45025,32.3785,2.0364166666666668,0.7676433462610247,2.8859435781273435,2.220664773849292,3.332949749638216,0.3103990270964278,4.98873,0.04,19.878,28.455,1.65,7.01062,6.903000000000002,25.969,37.283,2.442,2.2429500000000004,6.947,6.235999999999997,8.855999999999998,0.7699999999999998,12,12,12,9,9,0.0,0.0,0.0,0.0,0.0,1.0,0.0,0.0,0.0,0.0,0.0,-0.0,1.0,767.0,8,1.0,3608,18,1.0,6.491254869226489,97.85783836416748,76107,141,0.3561301851340875,833.2536303096881,478,17025,nearest_locality_proxy,6380.0,5671.0,349453798.26000005,22,1.4521922174275703,CAÑA DE AZÚCAR,0.390282131661442,0.516614420062696,0.0,True,federal
CTN_020,140000.0,nominal_10km,,140.0,RNC_SNAPPED,0.0,1,-99.179968,18.361996,0.0072251227706827,Carretera,Con pavimento,Asfalto,2,0,Si,Federal,Fed.,Un sentido,110,7.0,5.9687,2.6145,22.45025,32.3785,2.0364166666666668,0.7676433462610247,2.8859435781273435,2.220664773849292,3.332949749638216,0.3103990270964278,4.98873,0.04,19.878,28.455,1.65,7.01062,6.903000000000002,25.969,37.283,2.442,2.2429500000000004,6.947,6.235999999999997,8.855999999999998,0.7699999999999998,12,12,12,9,9,0.0,0.0,0.0,0.0,0.0,0.0,0.0,0.0,0.0,0.0,0.0,,0.0,846.0,3,1.0,4282,8,1.0,6.474315100514259,98.3846153846154,33693,63,0.332739738224557,2142.6651024728794,3,12034,nearest_locality_proxy,10616.38,10576.38,187475986.06,16,0.6912368208749855,MAÍZ GRANO,0.8569776138382386,0.022747866975372,0.0,True,federal
CTN_021,150000.0,nominal_10km,,150.0,RNC_SNAPPED,0.0,0,-99.209047,18.279087,0.012104145608069,Carretera,Con pavimento,Asfalto,2,0,Si,Federal,Fed.,Un sentido,110,7.0,5.9687,2.6145,22.45025,32.3785,2.0364166666666668,0.7676433462610247,2.8859435781273435,2.220664773849292,3.332949749638216,0.3103990270964278,4.98873,0.04,19.878,28.455,1.65,7.01062,6.903000000000002,25.969,37.283,2.442,2.2429500000000004,6.947,6.235999999999997,8.855999999999998,0.7699999999999998,12,12,12,9,9,0.0,0.0,0.0,0.0,0.0,0.0,0.0,0.0,0.0,0.0,0.0,,0.0,1812.0,3,1.0,4564,15,1.0,6.632651848591549,98.66666666666669,33353,50,0.4738104518334183,3085.797574363872,1178,12034,nearest_locality_proxy,10616.38,10576.38,187475986.06,16,0.6912368208749855,MAÍZ GRANO,0.8569776138382386,0.022747866975372,0.0,True,federal
CTN_022,155718.39081644968,toll_plaza,plaza_cobro:Paso Morelos,155.718,RNC_SNAPPED,0.0,23,-99.215419,18.231454,0.0457290805170063,Carretera,Con pavimento,Asfalto,2,0,Si,Federal,Fed.,Un sentido,110,7.0,5.9687,2.600916666666667,22.51758333333333,32.531083333333335,1.994,0.7676433462610247,2.946238734738384,2.135284601436458,3.402842557625726,0.3221002505875638,4.98873,0.02,20.11,28.747,1.5890000000000002,7.01062,7.167000000000001,25.849,37.748000000000005,2.43,2.2429500000000004,7.485,6.122,9.003,0.8509999999999998,12,12,12,9,9,0.0,0.0,0.0,0.0,0.0,0.0,0.0,0.0,0.0,0.0,0.0,,0.0,2671.0,4,1.0,4710,13,1.0,6.4611120561343816,98.89948642699926,38981,60,0.4688181421718273,1261.0254876147862,1081,12034,nearest_locality_proxy,10616.38,10576.38,187475986.06,16,0.6912368208749855,MAÍZ GRANO,0.8569776138382386,0.022747866975372,0.0,True,federal
CTN_023,160000.0,nominal_10km,,160.0,RNC_SNAPPED,0.0,0,-99.206411,18.195545,0.0226921785239475,Carretera,Con pavimento,Asfalto,2,0,Si,Federal,Fed.,Un sentido,110,7.0,5.9687,2.600916666666667,22.51758333333333,32.531083333333335,1.994,0.7676433462610247,2.946238734738384,2.135284601436458,3.402842557625726,0.3221002505875638,4.98873,0.02,20.11,28.747,1.5890000000000002,7.01062,7.167000000000001,25.849,37.748000000000005,2.43,2.2429500000000004,7.485,6.122,9.003,0.8509999999999998,12,12,12,9,9,0.0,0.0,0.0,0.0,0.0,0.0,0.0,0.0,0.0,0.0,0.0,,0.0,1493.0,3,1.0,4149,10,1.0,6.421719315167591,98.86178861788618,39188,60,0.3820302133306114,2658.3531021442845,411,12008,nearest_locality_proxy,3844.27,3829.27,54047007.32999999,11,0.5443545115646785,MAÍZ GRANO,0.8712421343974278,0.020888231055571,0.0,True,federal
CTN_024,170000.0,nominal_10km,,170.0,RNC_SNAPPED,0.0,1,-99.204977,18.109281,0.0412185185462545,Carretera,Con pavimento,Asfalto,2,0,Si,Federal,Fed.,Un sentido,110,7.0,5.9687,2.600916666666667,22.51758333333333,32.531083333333335,1.994,0.7676433462610247,2.946238734738384,2.135284601436458,3.402842557625726,0.3221002505875638,4.98873,0.02,20.11,28.747,1.5890000000000002,7.01062,7.167000000000001,25.849,37.748000000000005,2.43,2.2429500000000004,7.485,6.122,9.003,0.8509999999999998,12,12,12,9,9,0.0,0.0,0.0,0.0,0.0,0.0,0.0,0.0,0.0,0.0,0.0,,0.0,1306.0,2,1.0,2997,7,1.0,6.000504510524557,98.41463414634148,24202,41,0.3996777125857367,993.9280258253932,1147,12008,nearest_locality_proxy,3844.27,3829.27,54047007.32999999,11,0.5443545115646785,MAÍZ GRANO,0.8712421343974278,0.020888231055571,0.0,True,federal
CTN_025,180000.0,nominal_10km,,180.0,RNC_SNAPPED,0.0,11,-99.261532,18.042784,0.0161833095606385,Carretera,Con pavimento,Asfalto,2,0,Si,Federal,Fed.,Un sentido,110,7.0,5.9687,2.600916666666667,22.51758333333333,32.531083333333335,1.994,0.7676433462610247,2.946238734738384,2.135284601436458,3.402842557625726,0.3221002505875638,4.98873,0.02,20.11,28.747,1.5890000000000002,7.01062,7.167000000000001,25.849,37.748000000000005,2.43,2.2429500000000004,7.485,6.122,9.003,0.8509999999999998,12,12,12,9,9,0.0,0.0,0.0,0.0,0.0,650.0,44.0,180.0,0.0,3.0,0.0,1.691029422878242,93.0,3511.0,1,0.0,5924,5,0.4073261309925726,5.861473666441594,97.91538933169836,19426,35,0.6568001647276845,1770.4051193209357,3511,12034,nearest_locality_proxy,10616.38,10576.38,187475986.06,16,0.6912368208749855,MAÍZ GRANO,0.8569776138382386,0.022747866975372,0.0,True,federal
CTN_026,190000.0,nominal_10km,,190.0,RNC_SNAPPED,0.0,1,-99.323156,17.978327,0.027362019013684,Carretera,Con pavimento,Asfalto,2,0,Si,Federal,Fed.,Un sentido,110,7.0,5.818469166666668,2.600916666666667,22.51758333333333,32.531083333333335,1.994,0.756473187003189,2.946238734738384,2.135284601436458,3.402842557625726,0.3221002505875638,4.92277,0.02,20.11,28.747,1.5890000000000002,6.91117,7.167000000000001,25.849,37.748000000000005,2.43,2.20502,7.485,6.122,9.003,0.8509999999999998,12,12,12,9,9,0.0,0.0,0.0,0.0,0.0,0.0,0.0,0.0,0.0,0.0,0.0,,0.0,0.0,0,,9213,8,0.6189080646911972,4.828902637577337,97.8756884343037,17889,22,0.8037341382972777,6161.169822760583,889,12034,nearest_locality_proxy,10616.38,10576.38,187475986.06,16,0.6912368208749855,MAÍZ GRANO,0.8569776138382386,0.022747866975372,0.0,True,federal
CTN_027,200000.0,nominal_10km,,200.0,RNC_SNAPPED,0.0,1,-99.376766,17.915635,0.0240485503797005,Carretera,Con pavimento,Asfalto,2,0,Si,Federal,Fed.,Un sentido,110,7.0,5.818469166666668,2.600916666666667,22.51758333333333,32.531083333333335,1.994,0.756473187003189,2.946238734738384,2.135284601436458,3.402842557625726,0.3221002505875638,4.92277,0.02,20.11,28.747,1.5890000000000002,6.91117,7.167000000000001,25.849,37.748000000000005,2.43,2.20502,7.485,6.122,9.003,0.8509999999999998,12,12,12,9,9,0.0,0.0,0.0,0.0,0.0,0.0,0.0,0.0,0.0,0.0,0.0,,0.0,2159.0,4,1.0,8058,9,1.0,4.092732688011914,98.4778597785978,27522,28,0.693772254923334,1801.897344021916,15,12042,nearest_locality_proxy,4339.969999999999,4309.969999999999,148818396.49,8,0.7688777456428594,MAÍZ GRANO,0.7861736371449572,0.0009493153178478,0.0,True,federal
CTN_028,210000.0,nominal_10km,,210.0,RNC_SNAPPED,0.0,0,-99.416399,17.853537,0.0220513637731501,Carretera,Con pavimento,Asfalto,2,0,Si,Federal,Fed.,Un sentido,110,7.0,5.818469166666668,2.600916666666667,22.51758333333333,32.531083333333335,1.994,0.756473187003189,2.946238734738384,2.135284601436458,3.402842557625726,0.3221002505875638,4.92277,0.02,20.11,28.747,1.5890000000000002,6.91117,7.167000000000001,25.849,37.748000000000005,2.43,2.20502,7.485,6.122,9.003,0.8509999999999998,12,12,12,9,9,0.0,0.0,0.0,0.0,0.0,0.0,0.0,0.0,0.0,0.0,0.0,,0.0,0.0,0,,4553,6,1.0,5.103356028991874,98.37691614066726,30026,33,0.5949177379604343,6364.076934426672,1507,12075,nearest_locality_proxy,7084.8,7077.8,147605427.25,13,0.4179980667175399,MAÍZ GRANO,0.9226484869015356,0.0120313911472448,0.0,True,federal
CTN_029,220000.0,nominal_10km,,220.0,RNC_SNAPPED,0.0,0,-99.481498,17.797739,0.0605342393814833,Carretera,Con pavimento,Asfalto,2,0,Si,Federal,Fed.,Un sentido,110,7.0,5.818469166666668,2.600916666666667,22.51758333333333,32.531083333333335,1.994,0.756473187003189,2.946238734738384,2.135284601436458,3.402842557625726,0.3221002505875638,4.92277,0.02,20.11,28.747,1.5890000000000002,6.91117,7.167000000000001,25.849,37.748000000000005,2.43,2.20502,7.485,6.122,9.003,0.8509999999999998,12,12,12,9,9,0.0,0.0,0.0,0.0,0.0,1042.0,21.0,196.0,0.0,4.0,0.0,1.0726728478926082,82.0,7432.0,3,0.3899354144241119,7980,8,0.4318295739348371,5.374662314838061,98.44086021505376,66579,39,0.2067468721368599,2219.363635658246,1391,12075,nearest_locality_proxy,7084.8,7077.8,147605427.25,13,0.4179980667175399,MAÍZ GRANO,0.9226484869015356,0.0120313911472448,0.0,True,federal
CTN_030,230000.0,nominal_10km,,230.0,RNC_SNAPPED,0.0,1,-99.504772,17.71858,0.0144172046402308,Carretera,Con pavimento,Asfalto,2,0,Si,Federal,Fed.,Un sentido,110,7.0,5.818469166666668,2.781333333333333,22.12183333333333,32.05233333333334,2.135583333333334,0.756473187003189,3.2920471864587766,1.6752278075780958,3.1622002587107727,0.3985262679855743,4.92277,0.01,20.085,28.451,1.64,6.91117,7.439,24.525,36.674,2.6840000000000006,2.20502,8.799,5.007999999999999,8.175999999999998,1.102,12,12,12,10,9,0.0,0.0,0.0,0.0,0.0,661.0,14.0,136.0,0.0,1.0,0.0,1.14266521830793,74.0,4612.0,5,0.0169124024284475,32677,12,0.006089910334486,8.795081796458552,98.84640311082308,297573,69,0.041005064303549,978.0422097621744,7,12075,nearest_locality_proxy,7084.8,7077.8,147605427.25,13,0.4179980667175399,MAÍZ GRANO,0.9226484869015356,0.0120313911472448,0.0,True,federal
CTN_031,240000.0,nominal_10km,,240.0,RNC_SNAPPED,0.0,1,-99.504144,17.639936,0.0222033372057735,Carretera,Con pavimento,Asfalto,2,0,Si,Federal,Fed.,Un sentido,110,7.0,5.818469166666668,2.781333333333333,22.12183333333333,32.05233333333334,2.135583333333334,0.756473187003189,3.2920471864587766,1.6752278075780958,3.1622002587107727,0.3985262679855743,4.92277,0.01,20.085,28.451,1.64,6.91117,7.439,24.525,36.674,2.6840000000000006,2.20502,8.799,5.007999999999999,8.175999999999998,1.102,12,12,12,10,9,0.0,0.0,0.0,0.0,0.0,2464.0,389.0,981.0,3.0,68.0,9.0,1.8910087650913867,233.0,28168.0,9,0.0079522862823061,254666,28,0.0039031515789308,11.053678815489748,99.17930556624836,329700,97,0.0461813770094024,1724.7157508479074,22,12075,nearest_locality_proxy,7084.8,7077.8,147605427.25,13,0.4179980667175399,MAÍZ GRANO,0.9226484869015356,0.0120313911472448,0.0,True,federal
CTN_032,250000.0,nominal_10km,,250.0,RNC_SNAPPED,0.0,756,-99.505912,17.558581,0.0128712154949544,Avenida,,,2,0,No,,,Un sentido,40,7.0,5.818469166666668,2.781333333333333,22.12183333333333,32.05233333333334,2.135583333333334,0.756473187003189,3.2920471864587766,1.6752278075780958,3.1622002587107727,0.3985262679855743,4.92277,0.01,20.085,28.451,1.64,6.91117,7.439,24.525,36.674,2.6840000000000006,2.20502,8.799,5.007999999999999,8.175999999999998,1.102,12,12,12,10,9,0.0,0.0,0.0,0.0,0.0,16126.0,2127.0,6997.0,18.0,556.0,192.0,1.9354201667259,456.0,225945.0,11,0.0009604107194228,240439,36,0.0090126809710571,11.184181811373506,99.16980153067844,330950,111,0.056425441909654,923.798504406953,225728,12029,nearest_locality_proxy,11571.13,11422.13,228771950.9100001,23,1.127096873152788,MAÍZ GRANO,0.7263499761907435,0.0868368085053058,0.0,True,federal
CTN_033,260000.0,nominal_10km,,260.0,RNC_SNAPPED,0.0,1,-99.471188,17.477361,0.0024189928229423,Carretera,Con pavimento,Asfalto,2,0,Si,Federal,Fed.,Un sentido,110,7.0,5.818469166666668,2.781333333333333,22.12183333333333,32.05233333333334,2.135583333333334,0.756473187003189,3.2920471864587766,1.6752278075780958,3.1622002587107727,0.3985262679855743,4.92277,0.01,20.085,28.451,1.64,6.91117,7.439,24.525,36.674,2.6840000000000006,2.20502,8.799,5.007999999999999,8.175999999999998,1.102,12,12,12,10,9,0.0,0.0,0.0,0.0,0.0,1705.0,249.0,719.0,5.0,89.0,13.0,1.9715292649065816,234.0,18808.0,13,0.0090918757975329,249316,27,0.0091329878547706,11.105193781344031,99.21182266009852,299099,129,0.0705050836010819,845.1694982178318,5,12029,nearest_locality_proxy,11571.13,11422.13,228771950.9100001,23,1.127096873152788,MAÍZ GRANO,0.7263499761907435,0.0868368085053058,0.0,True,federal
CTN_034,266496.4524960488,toll_plaza,plaza_cobro:Palo Blanco,266.496,RNC_SNAPPED,0.0,16,-99.466905,17.424019,0.0082752494507476,Carretera,Con pavimento,Asfalto,4,0,Si,Federal,Fed.,Un sentido,110,14.0,5.818469166666668,2.781333333333333,22.12183333333333,32.05233333333334,2.135583333333334,0.756473187003189,3.2920471864587766,1.6752278075780958,3.1622002587107727,0.3985262679855743,4.92277,0.01,20.085,28.451,1.64,6.91117,7.439,24.525,36.674,2.6840000000000006,2.20502,8.799,5.007999999999999,8.175999999999998,1.102,12,12,12,10,9,0.0,0.0,0.0,0.0,0.0,543.0,58.0,269.0,0.0,14.0,1.0,1.7350426257849825,121.0,9447.0,4,0.0719805229173282,26191,36,0.1863235462563476,9.208310922116231,98.79648202437896,300833,125,0.0758626879364963,1217.7900846492932,6093,12029,nearest_locality_proxy,11571.13,11422.13,228771950.9100001,23,1.127096873152788,MAÍZ GRANO,0.7263499761907435,0.0868368085053058,0.0,True,federal
CTN_035,270000.0,nominal_10km,,270.0,RNC_SNAPPED,0.0,44,-99.46573,17.39471,0.0318478124836672,Carretera,Con pavimento,Asfalto,2,1,Si,Federal,Fed.,Un sentido,110,7.0,5.818469166666668,2.781333333333333,22.12183333333333,32.05233333333334,2.135583333333334,0.756473187003189,3.2920471864587766,1.6752278075780958,3.1622002587107727,0.3985262679855743,4.92277,0.01,20.085,28.451,1.64,6.91117,7.439,24.525,36.674,2.6840000000000006,2.20502,8.799,5.007999999999999,8.175999999999998,1.102,12,12,12,10,9,0.0,0.0,0.0,0.0,0.0,496.0,54.0,244.0,0.0,13.0,1.0,1.7499968023339,121.0,10720.0,12,0.1821828358208955,12022,32,0.2707536183663284,8.372687029288702,98.53228962818004,282551,114,0.0803500960888476,1088.610389511202,2674,12029,nearest_locality_proxy,11571.13,11422.13,228771950.9100001,23,1.127096873152788,MAÍZ GRANO,0.7263499761907435,0.0868368085053058,0.0,True,federal
CTN_036,280000.0,nominal_10km,,280.0,RNC_SNAPPED,0.0,0,-99.484792,17.316976,0.028558753983608,Carretera,Con pavimento,Asfalto,2,0,Si,Federal,Fed.,Un sentido,110,7.0,5.818469166666668,2.781333333333333,22.12183333333333,32.05233333333334,2.135583333333334,0.756473187003189,3.2920471864587766,1.6752278075780958,3.1622002587107727,0.3985262679855743,4.92277,0.01,20.085,28.451,1.64,6.91117,7.439,24.525,36.674,2.6840000000000006,2.20502,8.799,5.007999999999999,8.175999999999998,1.102,12,12,12,10,9,0.0,0.0,0.0,0.0,0.0,2.0,0.0,1.0,1.0,0.0,0.0,0.6931471805599453,2.0,870.0,16,1.0,17762,36,0.4690350185789888,8.288672696438667,98.17243603526124,64581,96,0.3755129217571731,1786.1601935293909,10,12029,nearest_locality_proxy,11571.13,11422.13,228771950.9100001,23,1.127096873152788,MAÍZ GRANO,0.7263499761907435,0.0868368085053058,0.0,True,federal
CTN_037,290000.0,nominal_10km,,290.0,RNC_SNAPPED,0.0,62,-99.523858,17.238103,0.0293259741134866,Carretera,Con pavimento,Asfalto,2,0,Si,Federal,Fed.,Un sentido,110,7.0,5.818469166666668,3.423333333333333,24.964666666666663,33.01875,2.4798333333333336,0.756473187003189,4.232617112266077,1.074566110078841,2.3675692468554037,0.3061799968583684,4.92277,0.01,23.86,30.133,2.109,6.91117,10.023000000000003,26.498,35.823,2.891,2.20502,11.29,3.166999999999998,5.943000000000001,0.7119999999999997,12,1,12,9,12,0.0,0.0,0.0,0.0,0.0,622.0,74.0,293.0,1.0,23.0,2.0,1.844200582146735,145.0,14952.0,13,0.5480872124130551,30987,29,0.3862264820731274,8.41739238544257,98.93820090670484,47852,93,0.5466647162083089,682.2014385637667,14,12029,nearest_locality_proxy,11571.13,11422.13,228771950.9100001,23,1.127096873152788,MAÍZ GRANO,0.7263499761907435,0.0868368085053058,0.0,True,federal
CTN_038,300000.0,nominal_10km,,300.0,RNC_SNAPPED,0.0,5,-99.554049,17.16742,0.0202492209650563,Carretera,Con pavimento,Asfalto,2,0,Si,Federal,Fed.,Un sentido,110,7.0,5.818469166666668,3.423333333333333,24.964666666666663,33.01875,2.4798333333333336,0.756473187003189,4.232617112266077,1.074566110078841,2.3675692468554037,0.3061799968583684,4.92277,0.01,23.86,30.133,2.109,6.91117,10.023000000000003,26.498,35.823,2.891,2.20502,11.29,3.166999999999998,5.943000000000001,0.7119999999999997,12,1,12,9,12,0.0,0.0,0.0,0.0,0.0,1092.0,159.0,502.0,1.0,52.0,6.0,1.8901966142209583,186.0,14816.0,11,0.1723812095032397,30280,33,0.371895640686922,8.373396213948265,98.9481320275662,58550,82,0.5630572160546542,1108.953374297115,22,12039,nearest_locality_proxy,15829.22,15789.72,327396714.5,21,1.2943604610779882,PASTOS Y PRADERAS,0.4724174659269377,0.0245634339531575,0.0,True,federal
CTN_039,310000.0,nominal_10km,,310.0,RNC_SNAPPED,0.0,0,-99.592825,17.099578,0.0405596745389159,Carretera,Con pavimento,Asfalto,2,0,Si,Federal,Fed.,Un sentido,110,7.0,5.818469166666668,3.423333333333333,24.964666666666663,33.01875,2.4798333333333336,0.756473187003189,4.232617112266077,1.074566110078841,2.3675692468554037,0.3061799968583684,4.92277,0.01,23.86,30.133,2.109,6.91117,10.023000000000003,26.498,35.823,2.891,2.20502,11.29,3.166999999999998,5.943000000000001,0.7119999999999997,12,1,12,9,12,0.0,0.0,0.0,0.0,0.0,4.0,0.0,0.0,0.0,0.0,0.0,-0.0,2.0,574.0,3,1.0,9383,26,1.0,7.1152874666666674,98.66259075277034,61105,79,0.53545536371819,508.2123292754582,216,12001,nearest_locality_proxy,34609.899999999994,34546.899999999994,1010445679.69,34,1.5317762419692391,MAÍZ GRANO,0.5963033698450444,0.052880823117085,0.0,True,federal
CTN_040,320000.0,nominal_10km,,320.0,RNC_SNAPPED,0.0,0,-99.637411,17.034111,0.0120873434902428,Carretera,Con pavimento,Asfalto,2,0,Si,Federal,Fed.,Un sentido,110,7.0,5.818469166666668,3.423333333333333,24.964666666666663,33.01875,2.4798333333333336,0.756473187003189,4.232617112266077,1.074566110078841,2.3675692468554037,0.3061799968583684,4.92277,0.01,23.86,30.133,2.109,6.91117,10.023000000000003,26.498,35.823,2.891,2.20502,11.29,3.166999999999998,5.943000000000001,0.7119999999999997,12,1,12,9,12,0.0,0.0,0.0,0.0,0.0,0.0,0.0,0.0,0.0,0.0,0.0,,0.0,2806.0,2,1.0,7599,16,1.0,6.651462096242583,98.72495446265938,75350,103,0.5929396151293962,2007.890150745097,1917,12001,nearest_locality_proxy,34609.899999999994,34546.899999999994,1010445679.69,34,1.5317762419692391,MAÍZ GRANO,0.5963033698450444,0.052880823117085,0.0,True,federal
CTN_041,330000.0,nominal_10km,,330.0,RNC_SNAPPED,0.0,0,-99.708915,16.983521,0.0047729466608636,Carretera,Con pavimento,Asfalto,2,0,Si,Federal,Fed.,Un sentido,110,7.0,5.963677499999999,3.9465833333333338,25.9475,32.471500000000006,2.6496666666666666,0.7040065529754342,5.0066816692830605,0.8006722490633532,1.7096786518047695,0.3139847808047881,5.1084,0.01,25.057,30.384,2.248,6.96713,11.581000000000012,26.964,34.76,3.041,2.02119,12.594,2.1650000000000027,4.555000000000003,0.8239999999999998,12,2,12,9,12,0.0,0.0,0.0,0.0,0.0,33.0,0.0,1.0,0.0,0.0,4.0,0.3625010217396757,6.0,4170.0,3,1.0,17179,22,0.6312940217707667,7.9803838313238975,98.99301274147145,105646,184,0.6670011169376976,1897.4037870305808,1861,12001,nearest_locality_proxy,34609.899999999994,34546.899999999994,1010445679.69,34,1.5317762419692391,MAÍZ GRANO,0.5963033698450444,0.052880823117085,0.0,True,federal
CTN_042,340000.0,nominal_10km,,340.0,RNC_SNAPPED,0.0,0,-99.781946,16.937155,0.0397511527261861,Carretera,Con pavimento,Asfalto,2,0,Si,Federal,Fed.,Un sentido,110,7.0,5.963677499999999,3.9465833333333338,25.9475,32.471500000000006,2.6496666666666666,0.7040065529754342,5.0066816692830605,0.8006722490633532,1.7096786518047695,0.3139847808047881,5.1084,0.01,25.057,30.384,2.248,6.96713,11.581000000000012,26.964,34.76,3.041,2.02119,12.594,2.1650000000000027,4.555000000000003,0.8239999999999998,12,2,12,9,12,0.0,0.0,0.0,0.0,0.0,1592.0,326.0,692.0,1.0,52.0,0.0,1.7616490800662696,163.0,7849.0,12,0.6488724678302968,39362,88,0.6289822671612215,8.096018402875128,98.68505747126436,761935,176,0.0894380754263815,513.7521377878725,5,12001,nearest_locality_proxy,34609.899999999994,34546.899999999994,1010445679.69,34,1.5317762419692391,MAÍZ GRANO,0.5963033698450444,0.052880823117085,0.0,True,federal
CTN_043,342599.87741842686,toll_plaza,plaza_cobro:La Venta,342.6,RNC_SNAPPED,0.0,30,-99.801875,16.928236,0.0315331390626215,Carretera,Con pavimento,Asfalto,2,0,Si,Federal,Fed.,Un sentido,110,7.0,5.963677499999999,3.9465833333333338,25.9475,32.471500000000006,2.6496666666666666,0.7040065529754342,5.0066816692830605,0.8006722490633532,1.7096786518047695,0.3139847808047881,5.1084,0.01,25.057,30.384,2.248,6.96713,11.581000000000012,26.964,34.76,3.041,2.02119,12.594,2.1650000000000027,4.555000000000003,0.8239999999999998,12,2,12,9,12,0.0,0.0,0.0,0.0,0.0,7178.0,1230.0,3268.0,4.0,359.0,24.0,1.7441102211736976,315.0,11838.0,34,0.767190403784423,38529,90,0.6912715097718601,8.162300841167738,98.7004487658938,760013,171,0.0880998088190596,97.53209981868208,407,12001,nearest_locality_proxy,34609.899999999994,34546.899999999994,1010445679.69,34,1.5317762419692391,MAÍZ GRANO,0.5963033698450444,0.052880823117085,0.0,True,federal
CTN_044,350000.0,nominal_10km,plaza_cobro:Las Cruces (Maxitúnel),350.0,RNC_SNAPPED,0.0,735,-99.846981,16.881849,0.0548894686773453,Avenida,,,2,-1,Si,,,Un sentido,40,7.0,5.963677499999999,3.9465833333333338,25.9475,32.471500000000006,2.6496666666666666,0.7040065529754342,5.0066816692830605,0.8006722490633532,1.7096786518047695,0.3139847808047881,5.1084,0.01,25.057,30.384,2.248,6.96713,11.581000000000012,26.964,34.76,3.041,2.02119,12.594,2.1650000000000027,4.555000000000003,0.8239999999999998,12,2,12,9,12,0.0,0.0,0.0,0.0,0.0,17138.0,2949.0,7091.0,23.0,709.0,165.0,1.927383731709704,499.0,667215.0,34,0.0128983910733421,688832,82,0.0275742125801356,10.18280206241551,98.0848317473659,739006,152,0.0674744183403111,2148.3918729670218,481,12001,nearest_locality_proxy,34609.899999999994,34546.899999999994,1010445679.69,34,1.5317762419692391,MAÍZ GRANO,0.5963033698450444,0.052880823117085,0.0,True,federal
CTN_045,353969.5396222411,endpoint_destination,,353.97,RNC_SNAPPED,0.0,477,-99.865152,16.864666,0.0270259482214084,Calle,,,2,0,No,,,Dos sentidos,30,8.0,5.963677499999999,3.9465833333333338,25.9475,32.471500000000006,2.6496666666666666,0.7040065529754342,5.0066816692830605,0.8006722490633532,1.7096786518047695,0.3139847808047881,5.1084,0.01,25.057,30.384,2.248,6.96713,11.581000000000012,26.964,34.76,3.041,2.02119,12.594,2.1650000000000027,4.555000000000003,0.8239999999999998,12,2,12,9,12,0.0,0.0,0.0,0.0,0.0,17964.0,2984.0,7468.0,29.0,668.0,223.0,1.9635981478845383,513.0,661411.0,6,0.0042363976408012,680773,70,0.0201109620974979,10.209181332686896,98.07915209369892,736681,145,0.0645313235986811,2304.767276051902,658609,12001,nearest_locality_proxy,34609.899999999994,34546.899999999994,1010445679.69,34,1.5317762419692391,MAÍZ GRANO,0.5963033698450444,0.052880823117085,0.0,True,federal
