ctn_id,chainage_km,lon,lat,spatial_block,cve_mun,n_intersections_1km,road_dist_m,road_carriles,road_nivel,road_velocidad,road_ancho,allsky_sfc_sw_dwn_mean,prectotcorr_mean,t2m_mean,allsky_sfc_sw_dwn_std,t2m_std,t2m_max_std,ws10m_std,allsky_sfc_sw_dwn_p10,t2m_max_p90,denue_n_est_5km,denue_n_gas_stations_5km,denue_sector_shannon_5km,n_localities_5km,rural_pop_share_5km,n_localities_10km,rural_pop_share_10km,schooling_mean_10km,pop_20km,rural_pop_share_20km,dist_nearest_locality_m,pop_nearest_locality,mun_agri_sown_ha,mun_agri_value_mxn,mun_agri_n_crops,mun_agri_crop_shannon,mun_agri_irrigated_share,mun_agri_loss_share,denue_sector_shannon_5km_missing,rural_pop_share_5km_missing,log1p_n_intersections_1km,log1p_road_carriles,log1p_road_ancho,log1p_prectotcorr_mean,log1p_ws10m_mean,log1p_prectotcorr_std,log1p_ws10m_std,log1p_prectotcorr_seasonal_amplitude,log1p_ws10m_seasonal_amplitude,log1p_denue_n_est_5km,log1p_denue_n_food_lodging_5km,log1p_denue_n_retail_5km,log1p_denue_n_gas_stations_5km,log1p_denue_n_auto_repair_5km,log1p_denue_n_large_est_5km,log1p_pop_5km,log1p_pop_10km,log1p_n_localities_10km,log1p_pop_20km,log1p_dist_nearest_locality_m,log1p_pop_nearest_locality,log1p_mun_agri_sown_ha,log1p_mun_agri_harvested_ha,log1p_mun_agri_value_mxn,log1p_mun_agri_irrigated_share,log1p_mun_agri_loss_share,mun_agri_top_crop_grp
CTN_000,0.0,-99.166744,19.288224,0,09012,276,0.0353791984924134,2,0,30,7.0,5.539947499999999,2.165166666666667,14.43975,0.7447629756571307,2.265251748303768,2.862526650274092,0.2897825781116436,4.68526,29.601000000000003,26418.0,22.0,1.996149181634476,1,0.0,115,0.0060675662505719,12.125593024489945,7756571,0.0079604763496653,40.44714632419928,599935,5405.099999999999,536333485.46,26,1.3433018768982412,0.0013320752622523,0.0,0,0,5.6240175061873385,1.0986122886681098,2.0794415416798357,1.152205713504053,1.0592071140584154,1.1465771579525466,0.25447366006892674,1.8094356542409975,0.4593217808988751,10.181838727246433,8.19533366716287,9.271811694064283,3.1354942159291497,6.9726062513017535,6.4425401664681985,13.304578261842323,14.69992458333115,4.7535901911063645,15.864051041980668,3.7244190329917353,13.304578261842323,8.595283224630531,8.592504724713873,20.100266701795032,0.0013311888371028357,0.0,AVENA FORRAJERA EN VERDE
CTN_001,7.086,-99.145205,19.235963,0,09013,251,0.0042022265575485,3,0,90,10.5,5.539947499999999,2.504916666666667,18.08575,0.7447629756571307,2.096486321195057,2.9627258615694303,0.2973547123049709,4.68526,32.772000000000006,14021.0,6.0,1.78797934444686,65,0.1730335721761532,313,0.0271802593311736,11.184449557839256,6398601,0.0092778093211312,321.9916010252741,102,1562.75,471399650.1,43,2.437400579880749,0.2535594304911214,0.0080627099664053,0,0,5.529429087511423,1.3862943611198906,2.4423470353692043,1.2541667446451847,1.066634173358459,1.2907468414185335,0.260327354686085,1.9854055497532417,0.5607579925141997,9.548382803766913,7.259116128097101,8.85352256068954,1.9459101490553132,6.300785794663244,4.820281565605037,10.813458355665464,13.983992622578592,5.749392985908253,15.671590086968955,5.777626319866845,4.634728988229636,7.354842061781121,7.344169807734237,19.971216808330265,0.225987049132619,0.008030379982333198,MAÍZ GRANO
CTN_002,10.0,-99.135177,19.227532,0,09013,20,0.0142417354745911,2,0,90,7.0,5.539947499999999,2.504916666666667,18.08575,0.7447629756571307,2.096486321195057,2.9627258615694303,0.2973547123049709,4.68526,32.772000000000006,13581.0,6.0,1.6845606762682377,83,0.2457087257439738,347,0.0309716643289612,11.171799830198374,6004769,0.0102893217041321,144.82849315084394,53,1562.75,471399650.1,43,2.437400579880749,0.2535594304911214,0.0080627099664053,0,0,3.044522437723423,1.0986122886681098,2.0794415416798357,1.2541667446451847,1.066634173358459,1.2907468414185335,0.260327354686085,1.9854055497532417,0.5607579925141997,9.516500665673737,7.192182058713246,8.909370405197466,1.9459101490553132,6.152732694704104,4.59511985013459,10.905442087162802,13.992383129298304,5.8522024797744745,15.608064711347216,4.98243122675598,3.9889840465642745,7.354842061781121,7.344169807734237,19.971216808330265,0.225987049132619,0.008030379982333198,MAÍZ GRANO
CTN_003,20.0,-99.154108,19.163516,0,09012,7,0.0134577427580614,2,0,90,7.0,5.539947499999999,2.504916666666667,18.08575,0.7447629756571307,2.096486321195057,2.9627258615694303,0.2973547123049709,4.68526,32.772000000000006,1819.0,1.0,1.595084849414646,58,0.1014345717590244,264,0.1757775348843811,9.5502507774528,1932029,0.0358245140212698,381.5032587045648,35,5405.099999999999,536333485.46,26,1.3433018768982412,0.0013320752622523,0.0,0,0,2.0794415416798357,1.0986122886681098,2.0794415416798357,1.2541667446451847,1.066634173358459,1.2907468414185335,0.260327354686085,1.9854055497532417,0.5607579925141997,7.506591780070841,5.159055299214529,6.939253946041508,0.6931471805599453,4.02535169073515,2.302585092994046,10.805354763744559,11.855770211096726,5.579729825986222,14.474081821584354,5.9467371727193585,3.58351893845611,8.595283224630531,8.592504724713873,20.100266701795032,0.0013311888371028357,0.0,AVENA FORRAJERA EN VERDE
CTN_004,30.0,-99.210013,19.095022,0,17009,1,0.0321761361641987,2,0,110,7.0,5.539947499999999,2.504916666666667,18.08575,0.7447629756571307,2.096486321195057,2.9627258615694303,0.2973547123049709,4.68526,32.772000000000006,17.0,1.0,1.3945573191650285,6,1.0,63,0.3898066917321788,9.553025695605898,600567,0.1290763561767463,1947.5071692005288,96,2111.0,49957764.03,8,0.7239941251666636,0.0,0.0,0,0,0.6931471805599453,1.0986122886681098,2.0794415416798357,1.2541667446451847,1.066634173358459,1.2907468414185335,0.260327354686085,1.9854055497532417,0.5607579925141997,2.8903717578961645,0.6931471805599453,2.302585092994046,0.6931471805599453,0.0,0.6931471805599453,6.659293919683638,10.178540208587767,4.1588830833596715,13.305631153058654,7.574818804115351,4.574710978503383,7.655390644826152,7.655390644826152,17.72668850703285,0.0,0.0,AVENA FORRAJERA EN VERDE
CTN_005,36.574,-99.240968,19.050933,0,17009,243,0.0323053096767414,3,0,110,10.0,5.539947499999999,2.504916666666667,18.08575,0.7447629756571307,2.096486321195057,2.9627258615694303,0.2973547123049709,4.68526,32.772000000000006,1210.0,3.0,1.8352249773389693,62,0.4628995910191136,90,0.474171974522293,9.656700544811546,737525,0.1092315514728314,354.43602846847654,7523,2111.0,49957764.03,8,0.7239941251666636,0.0,0.0,0,0,5.497168225293202,1.3862943611198906,2.3978952727983707,1.2541667446451847,1.066634173358459,1.2907468414185335,0.260327354686085,1.9854055497532417,0.5607579925141997,7.099201743553092,5.43372200355424,6.311734809152915,1.3862943611198906,3.7612001156935624,1.6094379124341003,10.084266253072569,10.354595018522993,4.51085950651685,13.511056620811985,5.8733452850014105,8.925853190420922,7.655390644826152,7.655390644826152,17.72668850703285,0.0,0.0,AVENA FORRAJERA EN VERDE
CTN_006,40.0,-99.217905,19.03129,0,17009,5,0.0406783861451899,3,0,110,10.0,5.539947499999999,2.504916666666667,18.08575,0.7447629756571307,2.096486321195057,2.9627258615694303,0.2973547123049709,4.68526,32.772000000000006,827.0,2.0,1.8566610586820973,51,0.563073527703566,118,0.5034737824478933,10.345281264045916,731620,0.1156638692217271,523.4756528320253,7,2111.0,49957764.03,8,0.7239941251666636,0.0,0.0,0,0,1.791759469228055,1.3862943611198906,2.3978952727983707,1.2541667446451847,1.066634173358459,1.2907468414185335,0.260327354686085,1.9854055497532417,0.5607579925141997,6.71901315438526,5.220355825078324,5.8805329864007,1.0986122886681098,3.2188758248682006,1.0986122886681098,9.753768704286186,10.96583342647739,4.77912349311153,13.503017899296841,6.262399006991572,2.0794415416798357,7.655390644826152,7.655390644826152,17.72668850703285,0.0,0.0,AVENA FORRAJERA EN VERDE
CTN_007,50.0,-99.140511,19.020285,1,17020,3,0.0286255074534887,3,0,110,10.0,5.539947499999999,2.504916666666667,18.08575,0.7447629756571307,2.096486321195057,2.9627258615694303,0.2973547123049709,4.68526,32.772000000000006,106.0,0.0,1.7811833918462292,6,1.0,92,0.5481038669904726,10.009400081552212,844590,0.1156075729051966,338.43236493248975,3,2731.8,204632548.78,17,1.2610410479373633,0.0500768723918295,0.0,0,0,1.3862943611198906,1.3862943611198906,2.3978952727983707,1.2541667446451847,1.066634173358459,1.2907468414185335,0.260327354686085,1.9854055497532417,0.5607579925141997,4.672828834461906,2.833213344056216,3.8501476017100584,0.0,1.0986122886681098,0.0,6.866933284461882,10.983324685877903,4.532599493153256,13.646607765493403,5.827274707512677,1.3862943611198906,7.91308200359425,7.90352240435807,19.136726488662177,0.048863373291321226,0.0,MAÍZ GRANO
CTN_008,60.0,-99.223434,18.981894,1,17007,5,0.0425569072172706,3,0,110,10.0,5.9687,2.504916666666667,18.08575,0.7676433462610247,2.096486321195057,2.9627258615694303,0.2973547123049709,4.98873,32.772000000000006,8799.0,19.0,2.02852519248116,63,0.7443942571382481,146,0.0879296638851468,11.181121153406712,942460,0.1049307132398192,192.86709026352864,132,1743.9,240955361.53000003,14,1.2729920420065166,0.1048798669648489,0.0,0,0,1.791759469228055,1.3862943611198906,2.3978952727983707,1.2541667446451847,1.066634173358459,1.2907468414185335,0.260327354686085,1.9854055497532417,0.5607579925141997,9.082507000466299,7.134093721192866,8.138272638530186,2.995732273553991,6.208590026096629,4.727387818712341,10.118477957093951,12.948378969797275,4.990432586778736,13.75624981813781,5.267172822539504,4.890349128221754,7.464452526404185,7.464452526404185,19.300122256582167,0.09973661138065114,0.0,MAÍZ GRANO
CTN_009,70.0,-99.229291,18.912089,1,17007,85,0.0356985254688415,2,0,30,7.0,5.9687,2.504916666666667,18.08575,0.7676433462610247,2.096486321195057,2.9627258615694303,0.2973547123049709,4.98873,32.772000000000006,20735.0,37.0,2.0214589541531107,18,0.0128406640325358,130,0.0577204996138274,10.659478410917592,1048315,0.1087402164425768,1222.0366398247847,341029,1743.9,240955361.53000003,14,1.2729920420065166,0.1048798669648489,0.0,0,0,4.454347296253507,1.0986122886681098,2.0794415416798357,1.2541667446451847,1.066634173358459,1.2907468414185335,0.260327354686085,1.9854055497532417,0.5607579925141997,9.939626599152001,7.921898411023797,9.04617302576227,3.6375861597263857,6.6240652277998935,5.707110264748875,12.75264950924327,13.608620450883903,4.875197323201151,13.862695625130637,7.10909209421207,12.739725728935534,7.464452526404185,7.464452526404185,19.300122256582167,0.09973661138065114,0.0,MAÍZ GRANO
CTN_010,80.0,-99.218059,18.82777,1,17018,115,1.7621335402155647e-05,2,0,110,6.0,5.9687,2.504916666666667,18.08575,0.7676433462610247,2.096486321195057,2.9627258615694303,0.2973547123049709,4.98873,32.772000000000006,11392.0,24.0,1.8002808932631245,59,0.0478275799021597,157,0.0835592271410906,9.964579978445451,1132573,0.1053936479149688,581.1238382490153,15,1209.0,126670416.46,17,1.8859744286081472,0.3176178660049628,0.0,0,0,4.7535901911063645,1.0986122886681098,1.9459101490553132,1.2541667446451847,1.066634173358459,1.2907468414185335,0.260327354686085,1.9854055497532417,0.5607579925141997,9.340754410698116,7.242082359256962,8.614864218589684,3.2188758248682006,6.169610732491456,4.07753744390572,12.320490023710256,13.115433420625608,5.062595033026967,13.940003476367975,6.366683205593469,2.772588722239781,7.098375638590786,7.085901464365611,18.6570991331045,0.27582545929525587,0.0,MAÍZ GRANO
CTN_011,82.831,-99.220388,18.802235,1,17028,82,0.0037888496275314,2,0,110,6.0,5.9687,2.504916666666667,18.08575,0.7676433462610247,2.096486321195057,2.9627258615694303,0.2973547123049709,4.98873,32.772000000000006,7066.0,19.0,1.8597672159269587,70,0.0903315633420141,164,0.0789782584926796,9.97322877265533,1155469,0.1054039528537762,516.0571042698562,30,1666.0,163744095.06000003,18,1.7382574847102117,0.8037214885954381,0.0,0,0,4.418840607796598,1.0986122886681098,1.9459101490553132,1.2541667446451847,1.066634173358459,1.2907468414185335,0.260327354686085,1.9854055497532417,0.5607579925141997,8.863191340690854,6.912742820493176,8.070906088787819,2.995732273553991,5.783825182329737,3.8066624897703196,12.086179259650367,13.091372069616472,5.10594547390058,13.960017745572861,6.248153321542115,3.4339872044851463,7.418780882750794,7.38770923908104,18.913815377234233,0.5898520242425199,0.0,CAÑA DE AZÚCAR
CTN_012,85.931,-99.224748,18.774775,1,17028,358,0.006123708610857,2,0,110,6.0,5.9687,2.504916666666667,18.08575,0.7676433462610247,2.096486321195057,2.9627258615694303,0.2973547123049709,4.98873,32.772000000000006,3145.0,12.0,1.934831250328132,74,0.2294947812728812,169,0.1237710999814505,9.29693509875604,1130329,0.1047199532171606,580.9422351924252,3409,1666.0,163744095.06000003,18,1.7382574847102117,0.8037214885954381,0.0,0,0,5.883322388488279,1.0986122886681098,1.9459101490553132,1.2541667446451847,1.066634173358459,1.2907468414185335,0.260327354686085,1.9854055497532417,0.5607579925141997,8.053887083618223,6.210600077024653,7.1846291527173145,2.5649493574615367,5.0369526024136295,3.091042453358316,11.15129540756609,12.686833829241364,5.135798437050262,13.938020183452716,6.366371190558915,8.134467570277563,7.418780882750794,7.38770923908104,18.913815377234233,0.5898520242425199,0.0,CAÑA DE AZÚCAR
CTN_013,90.0,-99.246977,18.745108,1,17028,137,0.0095652278133231,2,0,110,6.0,5.9687,2.6145,22.45025,0.7676433462610247,2.220664773849292,3.332949749638216,0.3103990270964278,4.98873,37.283,1631.0,8.0,1.905267851502324,61,0.2561639010644959,175,0.2251964193514273,8.930917366641554,1128589,0.1020832207296013,375.1728768657805,595,1666.0,163744095.06000003,18,1.7382574847102117,0.8037214885954381,0.0,0,0,4.927253685157205,1.0986122886681098,1.9459101490553132,1.2849535334582147,1.110678092101632,1.3573658315825612,0.2703316916686113,2.0727944989580425,0.5709795465857377,7.397561535524052,5.680172609017068,6.5638555265321274,2.1972245773362196,4.02535169073515,2.772588722239781,10.841637618763176,11.987630525149534,5.170483995038151,13.936479623942745,5.930048816622317,6.39024066706535,7.418780882750794,7.38770923908104,18.913815377234233,0.5898520242425199,0.0,CAÑA DE AZÚCAR
CTN_014,92.845,-99.260328,18.723344,1,17028,36,0.0538735829723857,3,0,110,9.0,5.9687,2.6145,22.45025,0.7676433462610247,2.220664773849292,3.332949749638216,0.3103990270964278,4.98873,37.283,2121.0,7.0,1.7369605836955972,45,0.1522750299346044,166,0.2217500611831712,8.83316329485133,779429,0.1433741880273892,396.2052117395645,219,1666.0,163744095.06000003,18,1.7382574847102117,0.8037214885954381,0.0,0,0,3.6109179126442243,1.3862943611198906,2.302585092994046,1.2849535334582147,1.110678092101632,1.3573658315825612,0.2703316916686113,2.0727944989580425,0.5709795465857377,7.660114319173928,5.717027701406222,6.946975992135418,2.0794415416798357,4.174387269895637,2.4849066497880004,10.678882699705406,11.811859001631946,5.117993812416755,13.566318162293017,5.984453053282228,5.393627546352362,7.418780882750794,7.38770923908104,18.913815377234233,0.5898520242425199,0.0,CAÑA DE AZÚCAR
CTN_015,96.205,-99.27802,18.69836,1,17035,5,0.0317601927980931,4,0,110,12.0,5.9687,2.6145,22.45025,0.7676433462610247,2.220664773849292,3.332949749638216,0.3103990270964278,4.98873,37.283,1831.0,6.0,1.739894809470634,40,0.1876336879331489,149,0.2743540861358921,8.762631689977429,598310,0.1904898798281827,1395.9592370618293,106,154.0,5390076.19,4,0.5964393007537787,0.3181818181818182,0.0,0,0,1.791759469228055,1.6094379124341003,2.5649493574615367,1.2849535334582147,1.110678092101632,1.3573658315825612,0.2703316916686113,2.0727944989580425,0.5709795465857377,7.513163545234075,5.579729825986222,6.7661917146603505,1.9459101490553132,4.07753744390572,2.3978952727983707,10.464930242098646,11.461042523090548,5.0106352940962555,13.301865964634485,7.242053179920604,4.672828834461906,5.043425116919247,5.043425116919247,15.500070263747386,0.2762533766281582,0.0,MAÍZ GRANO
CTN_016,100.0,-99.295001,18.668503,2,17017,2,0.0390608239286728,2,0,110,6.0,5.9687,2.6145,22.45025,0.7676433462610247,2.220664773849292,3.332949749638216,0.3103990270964278,4.98873,37.283,565.0,3.0,1.730652784470012,29,0.5192370572207085,137,0.2272264654374077,8.939066741302891,397450,0.277302805384325,1308.3223080523046,42,4592.0,214110482.4,25,1.844938941321629,0.4679878048780488,0.0,0,0,1.0986122886681098,1.0986122886681098,1.9459101490553132,1.2849535334582147,1.110678092101632,1.3573658315825612,0.2703316916686113,2.0727944989580425,0.5709795465857377,6.338594078203183,4.727387818712341,5.560681631015528,1.3862943611198906,3.091042453358316,2.0794415416798357,9.124346658809207,11.599690144865965,4.927253685157205,12.892826935037847,7.1772649602404766,3.7612001156935624,8.432288684325794,8.333991247194975,19.182002717330807,0.3838926228540365,0.0,MAÍZ GRANO
CTN_017,110.0,-99.263715,18.590834,2,17012,58,0.0073660319368171,2,0,110,6.0,5.9687,2.6145,22.45025,0.7676433462610247,2.220664773849292,3.332949749638216,0.3103990270964278,4.98873,37.283,689.0,2.0,1.930829417878103,40,0.3006301919220853,152,0.2201697498849994,9.607009842875204,293878,0.2546498887293366,503.2996265216266,13,5052.0,387405882.5,20,1.7324907171050763,0.697347585114806,0.0,0,0,4.07753744390572,1.0986122886681098,1.9459101490553132,1.2849535334582147,1.110678092101632,1.3573658315825612,0.2703316916686113,2.0727944989580425,0.5709795465857377,6.536691597591305,4.912654885736052,5.638354669333745,1.0986122886681098,3.5553480614894135,1.6094379124341003,9.544309478379278,11.616113622766397,5.030437921392435,12.590923396979003,6.223170588494713,2.6390573296152584,8.527737405291909,8.440528106480752,19.774983495966914,0.5290667885637589,0.0,CAÑA DE AZÚCAR
CTN_018,120.0,-99.200177,18.529599,2,17025,0,0.0084180551488098,2,0,110,6.0,5.9687,2.6145,22.45025,0.7676433462610247,2.220664773849292,3.332949749638216,0.3103990270964278,4.98873,37.283,17.0,0.0,1.315658070398555,7,1.0,89,0.1895374030398756,9.271447357524968,242918,0.2077573502169456,1399.039496365409,375,6380.0,349453798.26000005,22,1.4521922174275703,0.516614420062696,0.0,0,0,0.0,1.0986122886681098,1.9459101490553132,1.2849535334582147,1.110678092101632,1.3573658315825612,0.2703316916686113,2.0727944989580425,0.5709795465857377,2.8903717578961645,0.0,2.3978952727983707,0.0,0.0,0.0,7.451241684987676,11.00980342558927,4.499809670330265,12.400483333421448,7.244255726894986,5.929589143389895,8.761080103868347,8.643297068211963,19.671881919941633,0.41648049539108234,0.0,CAÑA DE AZÚCAR
CTN_019,130.0,-99.173917,18.447409,2,17025,12,0.000985914377825,2,0,110,6.0,5.9687,2.6145,22.45025,0.7676433462610247,2.220664773849292,3.332949749638216,0.3103990270964278,4.98873,37.283,1.0,0.0,-0.0,8,1.0,18,1.0,6.491254869226489,76107,0.3561301851340875,833.2536303096881,478,6380.0,349453798.26000005,22,1.4521922174275703,0.516614420062696,0.0,0,0,2.5649493574615367,1.0986122886681098,1.9459101490553132,1.2849535334582147,1.110678092101632,1.3573658315825612,0.2703316916686113,2.0727944989580425,0.5709795465857377,0.6931471805599453,0.0,0.0,0.0,0.0,0.0,6.643789733147672,8.19118600464279,2.9444389791664403,11.239908663160291,6.726537469206898,6.171700597410915,8.761080103868347,8.643297068211963,19.671881919941633,0.41648049539108234,0.0,CAÑA DE AZÚCAR
CTN_020,140.0,-99.179968,18.361996,2,12034,1,0.0072251227706827,2,0,110,7.0,5.9687,2.6145,22.45025,0.7676433462610247,2.220664773849292,3.332949749638216,0.3103990270964278,4.98873,37.283,0.0,0.0,1.7811833918462292,3,1.0,8,1.0,6.474315100514259,33693,0.332739738224557,2142.6651024728794,3,10616.38,187475986.06,16,0.6912368208749855,0.022747866975372,0.0,1,0,0.6931471805599453,1.0986122886681098,2.0794415416798357,1.2849535334582147,1.110678092101632,1.3573658315825612,0.2703316916686113,2.0727944989580425,0.5709795465857377,0.0,0.0,0.0,0.0,0.0,0.0,6.741700694652055,8.36240897761537,2.1972245773362196,10.425075058946149,7.670272307785044,1.3862943611198906,9.27024756002796,9.266473037694134,19.04916132615987,0.022492992247461534,0.0,MAÍZ GRANO
CTN_021,150.0,-99.209047,18.279087,3,12034,0,0.012104145608069,2,0,110,7.0,5.9687,2.6145,22.45025,0.7676433462610247,2.220664773849292,3.332949749638216,0.3103990270964278,4.98873,37.283,0.0,0.0,1.7811833918462292,3,1.0,15,1.0,6.632651848591549,33353,0.4738104518334183,3085.797574363872,1178,10616.38,187475986.06,16,0.6912368208749855,0.022747866975372,0.0,1,0,0.0,1.0986122886681098,2.0794415416798357,1.2849535334582147,1.110678092101632,1.3573658315825612,0.2703316916686113,2.0727944989580425,0.5709795465857377,0.0,0.0,0.0,0.0,0.0,0.0,7.502738210754851,8.426173793029069,2.772588722239781,10.414932984181524,8.034889448773846,7.072421900537371,9.27024756002796,9.266473037694134,19.04916132615987,0.022492992247461534,0.0,MAÍZ GRANO
CTN_022,155.718,-99.215419,18.231454,3,12034,23,0.0457290805170063,2,0,110,7.0,5.9687,2.600916666666667,22.51758333333333,0.7676433462610247,2.135284601436458,3.402842557625726,0.3221002505875638,4.98873,37.748000000000005,0.0,0.0,1.7811833918462292,4,1.0,13,1.0,6.4611120561343816,38981,0.4688181421718273,1261.0254876147862,1081,10616.38,187475986.06,16,0.6912368208749855,0.022747866975372,0.0,1,0,3.1780538303479458,1.0986122886681098,2.0794415416798357,1.2811884426790718,1.0966102859974365,1.372762906210889,0.2792215710714225,2.1382998986861894,0.6157260335913604,0.0,0.0,0.0,0.0,0.0,0.0,7.890582534656536,8.45765547870004,2.6390573296152584,10.570855280108585,7.1404732391054475,6.9865664594064265,9.27024756002796,9.266473037694134,19.04916132615987,0.022492992247461534,0.0,MAÍZ GRANO
CTN_023,160.0,-99.206411,18.195545,3,12008,0,0.0226921785239475,2,0,110,7.0,5.9687,2.600916666666667,22.51758333333333,0.7676433462610247,2.135284601436458,3.402842557625726,0.3221002505875638,4.98873,37.748000000000005,0.0,0.0,1.7811833918462292,3,1.0,10,1.0,6.421719315167591,39188,0.3820302133306114,2658.3531021442845,411,3844.27,54047007.32999999,11,0.5443545115646785,0.020888231055571,0.0,1,0,0.0,1.0986122886681098,2.0794415416798357,1.2811884426790718,1.0966102859974365,1.372762906210889,0.2792215710714225,2.1382998986861894,0.6157260335913604,0.0,0.0,0.0,0.0,0.0,0.0,7.309212365692763,8.330863613224745,2.3978952727983707,10.576151374154673,7.885838177516523,6.021023349349527,8.25459910054068,8.250690575773511,17.805364750471366,0.020673063117344615,0.0,MAÍZ GRANO
CTN_024,170.0,-99.204977,18.109281,3,12008,1,0.0412185185462545,2,0,110,7.0,5.9687,2.600916666666667,22.51758333333333,0.7676433462610247,2.135284601436458,3.402842557625726,0.3221002505875638,4.98873,37.748000000000005,0.0,0.0,1.7811833918462292,2,1.0,7,1.0,6.000504510524557,24202,0.3996777125857367,993.9280258253932,1147,3844.27,54047007.32999999,11,0.5443545115646785,0.020888231055571,0.0,1,0,0.6931471805599453,1.0986122886681098,2.0794415416798357,1.2811884426790718,1.0966102859974365,1.372762906210889,0.2792215710714225,2.1382998986861894,0.6157260335913604,0.0,0.0,0.0,0.0,0.0,0.0,7.175489713624222,8.005700678662542,2.0794415416798357,10.094231871403661,6.902670398688352,7.045776576879511,8.25459910054068,8.250690575773511,17.805364750471366,0.020673063117344615,0.0,MAÍZ GRANO
CTN_025,180.0,-99.261532,18.042784,3,12034,11,0.0161833095606385,2,0,110,7.0,5.9687,2.600916666666667,22.51758333333333,0.7676433462610247,2.135284601436458,3.402842557625726,0.3221002505875638,4.98873,37.748000000000005,650.0,0.0,1.691029422878242,1,0.0,5,0.4073261309925726,5.861473666441594,19426,0.6568001647276845,1770.4051193209357,3511,10616.38,187475986.06,16,0.6912368208749855,0.022747866975372,0.0,0,0,2.4849066497880004,1.0986122886681098,2.0794415416798357,1.2811884426790718,1.0966102859974365,1.372762906210889,0.2792215710714225,2.1382998986861894,0.6157260335913604,6.478509642208569,3.8066624897703196,5.198497031265826,0.0,1.3862943611198906,0.0,8.163940954755008,8.686935966003333,1.791759469228055,9.874419130038781,7.479528363357157,8.163940954755008,9.27024756002796,9.266473037694134,19.04916132615987,0.022492992247461534,0.0,MAÍZ GRANO
CTN_026,190.0,-99.323156,17.978327,3,12034,1,0.027362019013684,2,0,110,7.0,5.818469166666668,2.600916666666667,22.51758333333333,0.756473187003189,2.135284601436458,3.402842557625726,0.3221002505875638,4.92277,37.748000000000005,0.0,0.0,1.7811833918462292,0,0.34528280317309856,8,0.6189080646911972,4.828902637577337,17889,0.8037341382972777,6161.169822760583,889,10616.38,187475986.06,16,0.6912368208749855,0.022747866975372,0.0,1,1,0.6931471805599453,1.0986122886681098,2.0794415416798357,1.2811884426790718,1.0966102859974365,1.372762906210889,0.2792215710714225,2.1382998986861894,0.6157260335913604,0.0,0.0,0.0,0.0,0.0,0.0,0.0,9.128479345495862,2.1972245773362196,9.791997176502765,8.726184238458869,6.7912214627261855,9.27024756002796,9.266473037694134,19.04916132615987,0.022492992247461534,0.0,MAÍZ GRANO
CTN_027,200.0,-99.376766,17.915635,4,12042,1,0.0240485503797005,2,0,110,7.0,5.818469166666668,2.600916666666667,22.51758333333333,0.756473187003189,2.135284601436458,3.402842557625726,0.3221002505875638,4.92277,37.748000000000005,0.0,0.0,1.7811833918462292,4,1.0,9,1.0,4.092732688011914,27522,0.693772254923334,1801.897344021916,15,4339.969999999999,148818396.49,8,0.7688777456428594,0.0009493153178478,0.0,1,0,0.6931471805599453,1.0986122886681098,2.0794415416798357,1.2811884426790718,1.0966102859974365,1.372762906210889,0.2792215710714225,2.1382998986861894,0.6157260335913604,0.0,0.0,0.0,0.0,0.0,0.0,7.67786350067821,8.994544758324512,2.302585092994046,10.22277729773385,7.49715028537713,2.772588722239781,8.375853104425678,8.36891821578068,18.81823731176629,0.00094886500303275,0.0,MAÍZ GRANO
CTN_028,210.0,-99.416399,17.853537,4,12075,0,0.0220513637731501,2,0,110,7.0,5.818469166666668,2.600916666666667,22.51758333333333,0.756473187003189,2.135284601436458,3.402842557625726,0.3221002505875638,4.92277,37.748000000000005,0.0,0.0,1.7811833918462292,0,0.34528280317309856,6,1.0,5.103356028991874,30026,0.5949177379604343,6364.076934426672,1507,7084.8,147605427.25,13,0.4179980667175399,0.0120313911472448,0.0,1,1,0.0,1.0986122886681098,2.0794415416798357,1.2811884426790718,1.0966102859974365,1.372762906210889,0.2792215710714225,2.1382998986861894,0.6157260335913604,0.0,0.0,0.0,0.0,0.0,0.0,0.0,8.423761246623686,1.9459101490553132,10.309852255887128,8.758581598023984,7.318539548567902,8.865848060358733,8.86485968079703,18.810053246215915,0.011959589304399415,0.0,MAÍZ GRANO
CTN_029,220.0,-99.481498,17.797739,4,12075,0,0.0605342393814833,2,0,110,7.0,5.818469166666668,2.600916666666667,22.51758333333333,0.756473187003189,2.135284601436458,3.402842557625726,0.3221002505875638,4.92277,37.748000000000005,1042.0,0.0,1.0726728478926082,3,0.3899354144241119,8,0.4318295739348371,5.374662314838061,66579,0.2067468721368599,2219.363635658246,1391,7084.8,147605427.25,13,0.4179980667175399,0.0120313911472448,0.0,0,0,0.0,1.0986122886681098,2.0794415416798357,1.2811884426790718,1.0966102859974365,1.372762906210889,0.2792215710714225,2.1382998986861894,0.6157260335913604,6.949856455000773,3.091042453358316,5.2832037287379885,0.0,1.6094379124341003,0.0,8.913684824725294,8.984818995876008,2.1972245773362196,11.106159511129016,7.705426261298652,7.238496840894365,8.865848060358733,8.86485968079703,18.810053246215915,0.011959589304399415,0.0,MAÍZ GRANO
CTN_030,230.0,-99.504772,17.71858,4,12075,1,0.0144172046402308,2,0,110,7.0,5.818469166666668,2.781333333333333,22.12183333333333,0.756473187003189,1.6752278075780958,3.1622002587107727,0.3985262679855743,4.92277,36.674,661.0,0.0,1.14266521830793,5,0.0169124024284475,12,0.006089910334486,8.795081796458552,297573,0.041005064303549,978.0422097621744,7,7084.8,147605427.25,13,0.4179980667175399,0.0120313911472448,0.0,0,0,0.6931471805599453,1.0986122886681098,2.0794415416798357,1.330076681121662,1.1428152280144812,1.456763818757127,0.3354190164549306,2.2822803396536813,0.7428892724547594,6.495265555937008,2.70805020110221,4.919980925828125,0.0,0.6931471805599453,0.0,8.43663368355782,10.39445734759077,2.5649493574615367,12.60341821253308,6.8865747567820526,2.0794415416798357,8.865848060358733,8.86485968079703,18.810053246215915,0.011959589304399415,0.0,MAÍZ GRANO
CTN_031,240.0,-99.504144,17.639936,4,12075,1,0.0222033372057735,2,0,110,7.0,5.818469166666668,2.781333333333333,22.12183333333333,0.756473187003189,1.6752278075780958,3.1622002587107727,0.3985262679855743,4.92277,36.674,2464.0,3.0,1.8910087650913867,9,0.0079522862823061,28,0.0039031515789308,11.053678815489748,329700,0.0461813770094024,1724.7157508479074,22,7084.8,147605427.25,13,0.4179980667175399,0.0120313911472448,0.0,0,0,0.6931471805599453,1.0986122886681098,2.0794415416798357,1.330076681121662,1.1428152280144812,1.456763818757127,0.3354190164549306,2.2822803396536813,0.7428892724547594,7.80994708647679,5.966146739123692,6.889591308354466,1.3862943611198906,4.23410650459726,2.302585092994046,10.24597736148278,12.447712088380214,3.367295829986474,12.70594146211558,7.453397171434403,3.1354942159291497,8.865848060358733,8.86485968079703,18.810053246215915,0.011959589304399415,0.0,MAÍZ GRANO
CTN_032,250.0,-99.505912,17.558581,5,12029,756,0.0128712154949544,2,0,40,7.0,5.818469166666668,2.781333333333333,22.12183333333333,0.756473187003189,1.6752278075780958,3.1622002587107727,0.3985262679855743,4.92277,36.674,16126.0,18.0,1.9354201667259,11,0.0009604107194228,36,0.0090126809710571,11.184181811373506,330950,0.056425441909654,923.798504406953,225728,11571.13,228771950.9100001,23,1.127096873152788,0.0868368085053058,0.0,0,0,6.6293632534374485,1.0986122886681098,2.0794415416798357,1.330076681121662,1.1428152280144812,1.456763818757127,0.3354190164549306,2.2822803396536813,0.7428892724547594,9.688250164980516,7.662937850461535,8.853379672927634,2.9444389791664403,6.322565239927284,5.262690188904886,12.32805131165108,12.390225857153098,3.6109179126442243,12.709725607146975,6.829575880709791,12.327090443696486,9.35635490004606,9.343395526217206,19.248236222149472,0.08327146669849851,0.0,MAÍZ GRANO
CTN_033,260.0,-99.471188,17.477361,5,12029,1,0.0024189928229423,2,0,110,7.0,5.818469166666668,2.781333333333333,22.12183333333333,0.756473187003189,1.6752278075780958,3.1622002587107727,0.3985262679855743,4.92277,36.674,1705.0,5.0,1.9715292649065816,13,0.0090918757975329,27,0.0091329878547706,11.105193781344031,299099,0.0705050836010819,845.1694982178318,5,11571.13,228771950.9100001,23,1.127096873152788,0.0868368085053058,0.0,0,0,0.6931471805599453,1.0986122886681098,2.0794415416798357,1.330076681121662,1.1428152280144812,1.456763818757127,0.3354190164549306,2.2822803396536813,0.7428892724547594,7.441906728051625,5.521460917862246,6.579251212010101,1.791759469228055,4.499809670330265,2.6390573296152584,9.842090757670805,12.42648045812137,3.332204510175204,12.60853324461804,6.740719692041688,1.791759469228055,9.35635490004606,9.343395526217206,19.248236222149472,0.08327146669849851,0.0,MAÍZ GRANO
CTN_034,266.496,-99.466905,17.424019,5,12029,16,0.0082752494507476,4,0,110,14.0,5.818469166666668,2.781333333333333,22.12183333333333,0.756473187003189,1.6752278075780958,3.1622002587107727,0.3985262679855743,4.92277,36.674,543.0,0.0,1.7350426257849825,4,0.0719805229173282,36,0.1863235462563476,9.208310922116231,300833,0.0758626879364963,1217.7900846492932,6093,11571.13,228771950.9100001,23,1.127096873152788,0.0868368085053058,0.0,0,0,2.833213344056216,1.6094379124341003,2.70805020110221,1.330076681121662,1.1428152280144812,1.456763818757127,0.3354190164549306,2.2822803396536813,0.7428892724547594,6.298949246855942,4.07753744390572,5.598421958998375,0.0,2.70805020110221,0.6931471805599453,9.153558357877198,10.173209299610916,3.6109179126442243,12.61431389658509,7.1056139117398445,8.715059959545654,9.35635490004606,9.343395526217206,19.248236222149472,0.08327146669849851,0.0,MAÍZ GRANO
CTN_035,270.0,-99.46573,17.39471,5,12029,44,0.0318478124836672,2,1,110,7.0,5.818469166666668,2.781333333333333,22.12183333333333,0.756473187003189,1.6752278075780958,3.1622002587107727,0.3985262679855743,4.92277,36.674,496.0,0.0,1.7499968023339,12,0.1821828358208955,32,0.2707536183663284,8.372687029288702,282551,0.0803500960888476,1088.610389511202,2674,11571.13,228771950.9100001,23,1.127096873152788,0.0868368085053058,0.0,0,0,3.8066624897703196,1.0986122886681098,2.0794415416798357,1.330076681121662,1.1428152280144812,1.456763818757127,0.3354190164549306,2.2822803396536813,0.7428892724547594,6.208590026096629,4.007333185232471,5.501258210544727,0.0,2.6390573296152584,0.6931471805599453,9.27995971385624,9.394576760974909,3.4965075614664802,12.551617883426143,6.993575470510583,7.891704659330107,9.35635490004606,9.343395526217206,19.248236222149472,0.08327146669849851,0.0,MAÍZ GRANO
CTN_036,280.0,-99.484792,17.316976,5,12029,0,0.028558753983608,2,0,110,7.0,5.818469166666668,2.781333333333333,22.12183333333333,0.756473187003189,1.6752278075780958,3.1622002587107727,0.3985262679855743,4.92277,36.674,2.0,1.0,0.6931471805599453,16,1.0,36,0.4690350185789888,8.288672696438667,64581,0.3755129217571731,1786.1601935293909,10,11571.13,228771950.9100001,23,1.127096873152788,0.0868368085053058,0.0,0,0,0.0,1.0986122886681098,2.0794415416798357,1.330076681121662,1.1428152280144812,1.456763818757127,0.3354190164549306,2.2822803396536813,0.7428892724547594,1.0986122886681098,0.0,0.6931471805599453,0.6931471805599453,0.0,0.0,6.769641976852503,9.784872921199886,3.6109179126442243,11.07569101317308,7.488383154974559,2.3978952727983707,9.35635490004606,9.343395526217206,19.248236222149472,0.08327146669849851,0.0,MAÍZ GRANO
CTN_037,290.0,-99.523858,17.238103,5,12029,62,0.0293259741134866,2,0,110,7.0,5.818469166666668,3.423333333333333,24.964666666666663,0.756473187003189,1.074566110078841,2.367569246855404,0.3061799968583684,4.92277,35.823,622.0,1.0,1.844200582146735,13,0.5480872124130551,29,0.3862264820731274,8.41739238544257,47852,0.5466647162083089,682.2014385637667,14,11571.13,228771950.9100001,23,1.127096873152788,0.0868368085053058,0.0,0,0,4.143134726391533,1.0986122886681098,2.0794415416798357,1.4868935596760064,1.2469843999191836,1.6549115567915313,0.26710684437311605,2.5087859235779435,0.5376622777195502,6.434546518787453,4.31748811353631,5.683579767338681,0.6931471805599453,3.1780538303479458,1.0986122886681098,9.612667227583843,10.341355311751792,3.4011973816621555,10.775889090840558,6.526789748098266,2.70805020110221,9.35635490004606,9.343395526217206,19.248236222149472,0.08327146669849851,0.0,MAÍZ GRANO
CTN_038,300.0,-99.554049,17.16742,6,12039,5,0.0202492209650563,2,0,110,7.0,5.818469166666668,3.423333333333333,24.964666666666663,0.756473187003189,1.074566110078841,2.367569246855404,0.3061799968583684,4.92277,35.823,1092.0,1.0,1.8901966142209583,11,0.1723812095032397,33,0.371895640686922,8.373396213948265,58550,0.5630572160546542,1108.953374297115,22,15829.22,327396714.5,21,1.2943604610779882,0.0245634339531575,0.0,0,0,1.791759469228055,1.0986122886681098,2.0794415416798357,1.4868935596760064,1.2469843999191836,1.6549115567915313,0.26710684437311605,2.5087859235779435,0.5376622777195502,6.996681488176539,5.075173815233827,6.220590170099739,0.6931471805599453,3.970291913552122,1.9459101490553132,9.603530449208735,10.318275732105144,3.5263605246161616,10.97765344829931,7.012073288286405,3.1354942159291497,9.669676050441153,9.66717770469016,19.606683190780124,0.024266603767016448,0.0,OTROS
CTN_039,310.0,-99.592825,17.099578,6,12001,0,0.0405596745389159,2,0,110,7.0,5.818469166666668,3.423333333333333,24.964666666666663,0.756473187003189,1.074566110078841,2.367569246855404,0.3061799968583684,4.92277,35.823,4.0,0.0,-0.0,3,1.0,26,1.0,7.1152874666666674,61105,0.53545536371819,508.2123292754582,216,34609.899999999994,1010445679.69,34,1.5317762419692391,0.052880823117085,0.0,0,0,0.0,1.0986122886681098,2.0794415416798357,1.4868935596760064,1.2469843999191836,1.6549115567915313,0.26710684437311605,2.5087859235779435,0.5376622777195502,1.6094379124341003,0.0,0.0,0.0,0.0,0.0,6.354370040797351,9.146761390333312,3.295836866004329,11.020365340011082,6.2328650794212646,5.37989735354046,10.451923940336364,10.450102045872425,20.733657338479382,0.051530048320357034,0.0,MAÍZ GRANO
CTN_040,320.0,-99.637411,17.034111,6,12001,0,0.0120873434902428,2,0,110,7.0,5.818469166666668,3.423333333333333,24.964666666666663,0.756473187003189,1.074566110078841,2.367569246855404,0.3061799968583684,4.92277,35.823,0.0,0.0,1.7811833918462292,2,1.0,16,1.0,6.651462096242583,75350,0.5929396151293962,2007.890150745097,1917,34609.899999999994,1010445679.69,34,1.5317762419692391,0.052880823117085,0.0,1,0,0.0,1.0986122886681098,2.0794415416798357,1.4868935596760064,1.2469843999191836,1.6549115567915313,0.26710684437311605,2.5087859235779435,0.5376622777195502,0.0,0.0,0.0,0.0,0.0,0.0,7.939871576361883,8.935903526274423,2.833213344056216,11.22991247536671,7.605337684746138,7.559038255443384,10.451923940336364,10.450102045872425,20.733657338479382,0.051530048320357034,0.0,MAÍZ GRANO
CTN_041,330.0,-99.708915,16.983521,6,12001,0,0.0047729466608636,2,0,110,7.0,5.963677499999999,3.9465833333333338,25.9475,0.7040065529754342,0.8006722490633532,1.7096786518047695,0.3139847808047881,5.1084,34.76,33.0,0.0,0.3625010217396757,3,1.0,22,0.6312940217707667,7.9803838313238975,105646,0.6670011169376976,1897.4037870305808,1861,34609.899999999994,1010445679.69,34,1.5317762419692391,0.052880823117085,0.0,0,0,0.0,1.0986122886681098,2.0794415416798357,1.5986971025680372,1.294635839223178,1.7928724611698499,0.27306433765499905,2.6096285189244464,0.6010318916521395,3.5263605246161616,0.0,0.6931471805599453,0.0,0.0,1.6094379124341003,8.335911094196945,9.751501195538246,3.1354942159291497,11.567858626995038,7.548768699973431,7.529406457837013,10.451923940336364,10.450102045872425,20.733657338479382,0.051530048320357034,0.0,MAÍZ GRANO
CTN_042,340.0,-99.781946,16.937155,6,12001,0,0.0397511527261861,2,0,110,7.0,5.963677499999999,3.9465833333333338,25.9475,0.7040065529754342,0.8006722490633532,1.7096786518047695,0.3139847808047881,5.1084,34.76,1592.0,1.0,1.7616490800662696,12,0.6488724678302968,88,0.6289822671612215,8.096018402875128,761935,0.0894380754263815,513.7521377878725,5,34609.899999999994,1010445679.69,34,1.5317762419692391,0.052880823117085,0.0,0,0,0.0,1.0986122886681098,2.0794415416798357,1.5986971025680372,1.294635839223178,1.7928724611698499,0.27306433765499905,2.6096285189244464,0.6010318916521395,7.373374309910049,5.7899601708972535,6.541029999189903,0.6931471805599453,3.970291913552122,0.0,8.968268810776454,10.580581567773825,4.48863636973214,13.543617841640156,6.243685498959736,1.791759469228055,10.451923940336364,10.450102045872425,20.733657338479382,0.051530048320357034,0.0,MAÍZ GRANO
CTN_043,342.6,-99.801875,16.928236,6,12001,30,0.0315331390626215,2,0,110,7.0,5.963677499999999,3.9465833333333338,25.9475,0.7040065529754342,0.8006722490633532,1.7096786518047695,0.3139847808047881,5.1084,34.76,7178.0,4.0,1.7441102211736976,34,0.767190403784423,90,0.6912715097718601,8.162300841167738,760013,0.0880998088190596,97.53209981868208,407,34609.899999999994,1010445679.69,34,1.5317762419692391,0.052880823117085,0.0,0,0,3.4339872044851463,1.0986122886681098,2.0794415416798357,1.5986971025680372,1.294635839223178,1.7928724611698499,0.27306433765499905,2.6096285189244464,0.6010318916521395,8.878915376576483,7.115582126184454,8.092239406724211,1.6094379124341003,5.886104031450156,3.2188758248682006,9.379154445411636,10.559192437620203,4.51085950651685,13.54109213314548,4.590382381572659,6.0112671744041615,10.451923940336364,10.450102045872425,20.733657338479382,0.051530048320357034,0.0,MAÍZ GRANO
CTN_044,350.0,-99.846981,16.881849,7,12001,735,0.0548894686773453,2,-1,40,7.0,5.963677499999999,3.9465833333333338,25.9475,0.7040065529754342,0.8006722490633532,1.7096786518047695,0.3139847808047881,5.1084,34.76,17138.0,23.0,1.927383731709704,34,0.0128983910733421,82,0.0275742125801356,10.18280206241551,739006,0.0674744183403111,2148.3918729670218,481,34609.899999999994,1010445679.69,34,1.5317762419692391,0.052880823117085,0.0,0,0,6.601230118728877,1.0986122886681098,2.0794415416798357,1.5986971025680372,1.294635839223178,1.7928724611698499,0.27306433765499905,2.6096285189244464,0.6010318916521395,9.749111847392573,7.989560449333865,8.866722667194098,3.1780538303479458,6.565264970035361,5.111987788356544,13.410869110554486,13.442754140355705,4.418840607796598,13.513062672145288,7.672940231329384,6.1779441140506,10.451923940336364,10.450102045872425,20.733657338479382,0.051530048320357034,0.0,MAÍZ GRANO
CTN_045,353.97,-99.865152,16.864666,7,12001,477,0.0270259482214084,2,0,30,8.0,5.963677499999999,3.9465833333333338,25.9475,0.7040065529754342,0.8006722490633532,1.7096786518047695,0.3139847808047881,5.1084,34.76,17964.0,29.0,1.9635981478845383,6,0.0042363976408012,70,0.0201109620974979,10.209181332686896,736681,0.0645313235986811,2304.767276051902,658609,34609.899999999994,1010445679.69,34,1.5317762419692391,0.052880823117085,0.0,0,0,6.169610732491456,1.0986122886681098,2.1972245773362196,1.5986971025680372,1.294635839223178,1.7928724611698499,0.27306433765499905,2.6096285189244464,0.6010318916521395,9.79618069954762,8.001355025826703,8.918516400357067,3.4011973816621555,6.505784060128229,5.4116460518550396,13.402132222697567,13.430985665147753,4.2626798770413155,13.509911599088845,7.743168774683184,13.397886832532178,10.451923940336364,10.450102045872425,20.733657338479382,0.051530048320357034,0.0,MAÍZ GRANO
