ctn_id,mun_agri_sown_ha,mun_agri_harvested_ha,mun_agri_value_mxn,mun_agri_n_crops,mun_agri_crop_shannon,mun_agri_top_crop,mun_agri_top_crop_share,mun_agri_irrigated_share,mun_agri_loss_share
CTN_000,5569.65,5557.2,538971405.27,23,1.397886378473185,AVENA FORRAJERA EN VERDE,0.5488675230939107,0.0010952214232492167,0.0
CTN_001,1729.3999999999999,1716.1,496301415.37,43,2.4032721585231687,MAÍZ GRANO,0.38683936625419224,0.25743032265525617,0.0
CTN_002,1729.3999999999999,1716.1,496301415.37,43,2.4032721585231687,MAÍZ GRANO,0.38683936625419224,0.25743032265525617,0.0
CTN_003,5569.65,5557.2,538971405.27,23,1.397886378473185,AVENA FORRAJERA EN VERDE,0.5488675230939107,0.0010952214232492167,0.0
CTN_004,738.3000000000001,738.3000000000001,17261827.2,8,0.9544555988940548,AVENA FORRAJERA EN VERDE,0.7625626439116889,0.0,0.0
CTN_005,738.3000000000001,738.3000000000001,17261827.2,8,0.9544555988940548,AVENA FORRAJERA EN VERDE,0.7625626439116889,0.0,0.0
CTN_006,738.3000000000001,738.3000000000001,17261827.2,8,0.9544555988940548,AVENA FORRAJERA EN VERDE,0.7625626439116889,0.0,0.0
CTN_007,1419.6,1399.1,191039573.19,17,1.813548092977176,MAÍZ GRANO,0.4146942800788955,0.1019301211608904,0.00035221189067342917
CTN_008,1390.5,1390.5,241844517.28000003,14,1.4191974838322117,MAÍZ GRANO,0.5688601222581805,0.11326860841423948,0.0
CTN_009,1390.5,1390.5,241844517.28000003,14,1.4191974838322117,MAÍZ GRANO,0.5688601222581805,0.11326860841423948,0.0
CTN_010,558.5,548.5,110580641.41999999,18,2.354922738068928,ROSA (GRUESA),0.24529991047448524,0.6436884512085944,0.0
CTN_011,1376.5,1334.5,135641901.98999998,18,1.5431803337753023,CAÑA DE AZÚCAR,0.6116963312749728,0.9019251725390484,0.0
CTN_012,1376.5,1334.5,135641901.98999998,18,1.5431803337753023,CAÑA DE AZÚCAR,0.6116963312749728,0.9019251725390484,0.0
CTN_013,1376.5,1334.5,135641901.98999998,18,1.5431803337753023,CAÑA DE AZÚCAR,0.6116963312749728,0.9019251725390484,0.0
CTN_014,1376.5,1334.5,135641901.98999998,18,1.5431803337753023,CAÑA DE AZÚCAR,0.6116963312749728,0.9019251725390484,0.0
CTN_015,151.0,151.0,3059501.7800000003,4,0.49313185329656056,MAÍZ GRANO,0.8807947019867549,0.32450331125827814,0.0
CTN_016,3736.0,3462.0,185613683.43,22,1.6583129407820751,MAÍZ GRANO,0.4550321199143469,0.48340471092077086,0.0
CTN_017,3758.0,3538.0,326196816.1,19,1.6719313345270979,CAÑA DE AZÚCAR,0.5215540180947312,0.8153273017562533,0.0
CTN_018,4680.0,4248.0,299764842.45,20,1.3628675927228877,CAÑA DE AZÚCAR,0.4683760683760684,0.5912393162393162,0.0
CTN_019,4680.0,4248.0,299764842.45,20,1.3628675927228877,CAÑA DE AZÚCAR,0.4683760683760684,0.5912393162393162,0.0
CTN_020,10598.960000000003,10593.960000000003,207684599.15,16,0.6946537362390816,MAÍZ GRANO,0.8560122879980675,0.02305886615290556,0.0
CTN_021,10598.960000000003,10593.960000000003,207684599.15,16,0.6946537362390816,MAÍZ GRANO,0.8560122879980675,0.02305886615290556,0.0
CTN_022,10598.960000000003,10593.960000000003,207684599.15,16,0.6946537362390816,MAÍZ GRANO,0.8560122879980675,0.02305886615290556,0.0
CTN_023,3851.98,3836.98,61314180.16,11,0.5404856523992932,MAÍZ GRANO,0.8721099278812454,0.02084642184019647,0.0
CTN_024,3851.98,3836.98,61314180.16,11,0.5404856523992932,MAÍZ GRANO,0.8721099278812454,0.02084642184019647,0.0
CTN_025,10598.960000000003,10593.960000000003,207684599.15,16,0.6946537362390816,MAÍZ GRANO,0.8560122879980675,0.02305886615290556,0.0
CTN_026,10598.960000000003,10593.960000000003,207684599.15,16,0.6946537362390816,MAÍZ GRANO,0.8560122879980675,0.02305886615290556,0.0
CTN_027,4215.99,4195.99,243597995.24,8,0.7726613105307758,MAÍZ GRANO,0.7860953180628987,0.0007400397059765323,0.0
CTN_028,7060.94,7053.94,149238988.46,13,0.3771458626926474,MAÍZ GRANO,0.9314623831954386,0.012171184006662002,0.0
CTN_029,7060.94,7053.94,149238988.46,13,0.3771458626926474,MAÍZ GRANO,0.9314623831954386,0.012171184006662002,0.0
CTN_030,7060.94,7053.94,149238988.46,13,0.3771458626926474,MAÍZ GRANO,0.9314623831954386,0.012171184006662002,0.0
CTN_031,7060.94,7053.94,149238988.46,13,0.3771458626926474,MAÍZ GRANO,0.9314623831954386,0.012171184006662002,0.0
CTN_032,11375.460000000003,11322.46,258219671.22000003,23,1.082361031881395,MAÍZ GRANO,0.7389652814040045,0.08031763111118143,0.0
CTN_033,11375.460000000003,11322.46,258219671.22000003,23,1.082361031881395,MAÍZ GRANO,0.7389652814040045,0.08031763111118143,0.0
CTN_034,11375.460000000003,11322.46,258219671.22000003,23,1.082361031881395,MAÍZ GRANO,0.7389652814040045,0.08031763111118143,0.0
CTN_035,11375.460000000003,11322.46,258219671.22000003,23,1.082361031881395,MAÍZ GRANO,0.7389652814040045,0.08031763111118143,0.0
CTN_036,11375.460000000003,11322.46,258219671.22000003,23,1.082361031881395,MAÍZ GRANO,0.7389652814040045,0.08031763111118143,0.0
CTN_037,11375.460000000003,11322.46,258219671.22000003,23,1.082361031881395,MAÍZ GRANO,0.7389652814040045,0.08031763111118143,0.0
CTN_038,15553.970000000001,15514.470000000001,328917968.03999996,21,1.2559761733693706,PASTOS Y PRADERAS,0.48077757640010876,0.025023193435502314,0.0
CTN_039,34574.079999999994,34511.079999999994,928257625.2500001,34,1.5354146820901975,MAÍZ GRANO,0.596786089463552,0.054349385435563294,0.0
CTN_040,34574.079999999994,34511.079999999994,928257625.2500001,34,1.5354146820901975,MAÍZ GRANO,0.596786089463552,0.054349385435563294,0.0
CTN_041,34574.079999999994,34511.079999999994,928257625.2500001,34,1.5354146820901975,MAÍZ GRANO,0.596786089463552,0.054349385435563294,0.0
CTN_042,34574.079999999994,34511.079999999994,928257625.2500001,34,1.5354146820901975,MAÍZ GRANO,0.596786089463552,0.054349385435563294,0.0
CTN_043,34574.079999999994,34511.079999999994,928257625.2500001,34,1.5354146820901975,MAÍZ GRANO,0.596786089463552,0.054349385435563294,0.0
CTN_044,34574.079999999994,34511.079999999994,928257625.2500001,34,1.5354146820901975,MAÍZ GRANO,0.596786089463552,0.054349385435563294,0.0
CTN_045,34574.079999999994,34511.079999999994,928257625.2500001,34,1.5354146820901975,MAÍZ GRANO,0.596786089463552,0.054349385435563294,0.0
