ctn_id,pop_5km,n_localities_5km,rural_pop_share_5km,pop_10km,n_localities_10km,rural_pop_share_10km,schooling_mean_10km,pct_dwellings_electricity_10km,pop_20km,n_localities_20km,rural_pop_share_20km,dist_nearest_locality_m,pop_nearest_locality,cve_mun,mun_assignment_method
CTN_000,599935.0,1,0.0,2421564,115,0.006067566250571944,12.125593024489943,99.69311226765403,7756571,584,0.007960476349665336,40.44714632419928,599935,09012,nearest_locality_proxy
CTN_001,49684.0,65,0.17303357217615328,1183506,313,0.02718025933117365,11.184449557839256,99.56810128115819,6398601,616,0.009277809321131291,321.9916010252741,102,09013,nearest_locality_proxy
CTN_002,54471.0,83,0.24570872574397387,1193478,347,0.030971664328961236,11.171799830198374,99.57128254464554,6004769,619,0.010289321704132166,144.82849315084394,53,09013,nearest_locality_proxy
CTN_003,49283.0,58,0.10143457175902441,140894,264,0.17577753488438116,9.550250777452801,98.91181263291628,1932029,631,0.03582451402126987,381.50325870456476,35,09012,nearest_locality_proxy
CTN_004,779.0,6,1.0,26331,63,0.3898066917321788,9.553025695605898,98.46219564288765,600567,513,0.12907635617674632,1947.5071692005288,96,17009,nearest_locality_proxy
CTN_005,23962.0,62,0.4628995910191136,31400,90,0.474171974522293,9.656700544811546,98.51607584501237,737525,361,0.10923155147283142,354.43602846847654,7523,17009,nearest_locality_proxy
CTN_006,17218.0,51,0.563073527703566,57862,118,0.5034737824478933,10.345281264045916,98.94781917171346,731620,373,0.11566386922172713,523.4756528320253,7,17009,nearest_locality_proxy
CTN_007,959.0,6,1.0,58883,92,0.5481038669904726,10.009400081552212,99.01555663587749,844590,452,0.1156075729051966,338.43236493248975,3,17020,nearest_locality_proxy
CTN_008,24796.0,63,0.7443942571382481,420154,146,0.08792966388514688,11.181121153406712,99.46931058042169,942460,353,0.1049307132398192,192.86709026352864,132,17007,nearest_locality_proxy
CTN_009,345465.0,18,0.012840664032535858,813108,130,0.057720499613827435,10.659478410917593,99.45413795270312,1048315,454,0.10874021644257689,1222.0366398247847,341029,17007,nearest_locality_proxy
CTN_010,224243.0,59,0.04782757990215971,496546,157,0.08355922714109065,9.964579978445453,99.37207871643838,1132573,495,0.10539364791496883,581.1238382490153,15,17018,nearest_locality_proxy
CTN_011,177402.0,70,0.09033156334201418,484741,164,0.0789782584926796,9.97322877265533,99.36216732790825,1155469,492,0.10540395285377625,516.0571042698562,30,17028,nearest_locality_proxy
CTN_012,69653.0,74,0.22949478127288128,323460,169,0.12377109998145057,9.29693509875604,99.22324029329376,1130329,500,0.10471995321716067,580.9422351924252,3409,17028,nearest_locality_proxy
CTN_013,51104.0,61,0.25616390106449594,160753,175,0.22519641935142734,8.930917366641554,99.04947825884868,1128589,519,0.1020832207296013,375.1728768657805,595,17028,nearest_locality_proxy
CTN_014,43428.0,45,0.1522750299346044,134841,166,0.22175006118317128,8.83316329485133,98.87488748874887,779429,518,0.14337418802738927,396.2052117395645,219,17028,nearest_locality_proxy
CTN_015,35063.0,40,0.1876336879331489,94943,149,0.2743540861358921,8.762631689977429,98.76288659793815,598310,514,0.19048987982818272,1395.9592370618293,106,17035,nearest_locality_proxy
CTN_016,9175.0,29,0.5192370572207085,109063,137,0.22722646543740774,8.939066741302891,98.85987875447782,397450,483,0.27730280538432506,1308.3223080523046,42,17017,nearest_locality_proxy
CTN_017,13964.0,40,0.30063019192208534,110869,152,0.2201697498849994,9.607009842875204,99.05860349127182,293878,384,0.25464988872933664,503.29962652162664,13,17012,nearest_locality_proxy
CTN_018,1721.0,7,1.0,60463,89,0.18953740303987562,9.271447357524968,99.01845308205732,242918,281,0.20775735021694564,1399.039496365409,375,17025,nearest_locality_proxy
CTN_019,767.0,8,1.0,3608,18,1.0,6.491254869226489,97.85783836416748,76107,141,0.35613018513408756,833.2536303096881,478,17025,nearest_locality_proxy
CTN_020,846.0,3,1.0,4282,8,1.0,6.474315100514259,98.38461538461539,33693,63,0.33273973822455705,2142.6651024728794,3,12034,nearest_locality_proxy
CTN_021,1812.0,3,1.0,4564,15,1.0,6.632651848591549,98.66666666666667,33353,50,0.4738104518334183,3085.797574363872,1178,12034,nearest_locality_proxy
CTN_022,2671.0,4,1.0,4710,13,1.0,6.4611120561343816,98.89948642699926,38981,60,0.4688181421718273,1261.0254876147862,1081,12034,nearest_locality_proxy
CTN_023,1493.0,3,1.0,4149,10,1.0,6.421719315167591,98.86178861788618,39188,60,0.38203021333061143,2658.3531021442845,411,12008,nearest_locality_proxy
CTN_024,1306.0,2,1.0,2997,7,1.0,6.000504510524557,98.41463414634147,24202,41,0.3996777125857367,993.9280258253932,1147,12008,nearest_locality_proxy
CTN_025,3511.0,1,0.0,5924,5,0.4073261309925726,5.861473666441594,97.91538933169835,19426,35,0.6568001647276845,1770.4051193209357,3511,12034,nearest_locality_proxy
CTN_026,0.0,0,,9213,8,0.6189080646911972,4.828902637577337,97.8756884343037,17889,22,0.8037341382972777,6161.169822760583,889,12034,nearest_locality_proxy
CTN_027,2159.0,4,1.0,8058,9,1.0,4.092732688011914,98.47785977859779,27522,28,0.693772254923334,1801.8973440219158,15,12042,nearest_locality_proxy
CTN_028,0.0,0,,4553,6,1.0,5.103356028991874,98.37691614066726,30026,33,0.5949177379604343,6364.076934426672,1507,12075,nearest_locality_proxy
CTN_029,7432.0,3,0.38993541442411195,7980,8,0.4318295739348371,5.374662314838061,98.44086021505376,66579,39,0.20674687213685997,2219.363635658246,1391,12075,nearest_locality_proxy
CTN_030,4612.0,5,0.016912402428447527,32677,12,0.00608991033448603,8.795081796458552,98.84640311082308,297573,69,0.04100506430354905,978.0422097621745,7,12075,nearest_locality_proxy
CTN_031,28168.0,9,0.007952286282306162,254666,28,0.003903151578930835,11.053678815489748,99.17930556624836,329700,97,0.04618137700940249,1724.7157508479074,22,12075,nearest_locality_proxy
CTN_032,225945.0,11,0.0009604107194228684,240439,36,0.009012680971057108,11.184181811373506,99.16980153067843,330950,111,0.056425441909654026,923.798504406953,225728,12029,nearest_locality_proxy
CTN_033,18808.0,13,0.009091875797532964,249316,27,0.009132987854770652,11.105193781344033,99.21182266009852,299099,129,0.07050508360108192,845.1694982178318,5,12029,nearest_locality_proxy
CTN_034,9447.0,4,0.07198052291732825,26191,36,0.1863235462563476,9.208310922116231,98.79648202437896,300833,125,0.07586268793649632,1217.7900846492932,6093,12029,nearest_locality_proxy
CTN_035,10720.0,12,0.18218283582089553,12022,32,0.2707536183663284,8.372687029288702,98.53228962818004,282551,114,0.08035009608884768,1088.6103895112021,2674,12029,nearest_locality_proxy
CTN_036,870.0,16,1.0,17762,36,0.4690350185789888,8.288672696438667,98.17243603526123,64581,96,0.37551292175717316,1786.1601935293907,10,12029,nearest_locality_proxy
CTN_037,14952.0,13,0.5480872124130551,30987,29,0.38622648207312743,8.41739238544257,98.93820090670485,47852,93,0.5466647162083089,682.2014385637667,14,12029,nearest_locality_proxy
CTN_038,14816.0,11,0.17238120950323974,30280,33,0.37189564068692205,8.373396213948265,98.94813202756619,58550,82,0.5630572160546542,1108.953374297115,22,12039,nearest_locality_proxy
CTN_039,574.0,3,1.0,9383,26,1.0,7.1152874666666674,98.66259075277034,61105,79,0.53545536371819,508.2123292754582,216,12001,nearest_locality_proxy
CTN_040,2806.0,2,1.0,7599,16,1.0,6.651462096242583,98.72495446265938,75350,103,0.5929396151293962,2007.8901507450971,1917,12001,nearest_locality_proxy
CTN_041,4170.0,3,1.0,17179,22,0.6312940217707667,7.9803838313238975,98.99301274147143,105646,184,0.6670011169376976,1897.4037870305806,1861,12001,nearest_locality_proxy
CTN_042,7849.0,12,0.6488724678302968,39362,88,0.6289822671612215,8.096018402875128,98.68505747126437,761935,176,0.08943807542638152,513.7521377878725,5,12001,nearest_locality_proxy
CTN_043,11838.0,34,0.767190403784423,38529,90,0.6912715097718601,8.162300841167738,98.7004487658938,760013,171,0.08809980881905967,97.53209981868207,407,12001,nearest_locality_proxy
CTN_044,667215.0,34,0.012898391073342176,688832,82,0.02757421258013565,10.18280206241551,98.0848317473659,739006,152,0.06747441834031118,2148.3918729670218,481,12001,nearest_locality_proxy
CTN_045,661411.0,6,0.004236397640801257,680773,70,0.020110962097497992,10.209181332686896,98.07915209369891,736681,145,0.0645313235986811,2304.767276051902,658609,12001,nearest_locality_proxy
