ctn_id,denue_n_est_5km,denue_n_food_lodging_5km,denue_n_retail_5km,denue_n_gas_stations_5km,denue_n_auto_repair_5km,denue_n_large_est_5km,denue_sector_shannon_5km,denue_n_distinct_activities_5km
CTN_000,26418.0,3623.0,10633.0,22.0,1066.0,627.0,1.9961491816344759,619.0
CTN_001,14021.0,1420.0,6998.0,6.0,544.0,123.0,1.78797934444686,456.0
CTN_002,13581.0,1328.0,7400.0,6.0,469.0,98.0,1.6845606762682375,431.0
CTN_003,1819.0,173.0,1031.0,1.0,55.0,9.0,1.5950848494146461,192.0
CTN_004,17.0,1.0,9.0,1.0,0.0,1.0,1.3945573191650285,11.0
CTN_005,1210.0,228.0,550.0,3.0,42.0,4.0,1.8352249773389695,190.0
CTN_006,827.0,184.0,357.0,2.0,24.0,2.0,1.8566610586820977,161.0
CTN_007,106.0,16.0,46.0,0.0,2.0,0.0,1.7811833918462292,41.0
CTN_008,8799.0,1253.0,3422.0,19.0,496.0,112.0,2.0285251924811596,455.0
CTN_009,20735.0,2756.0,8485.0,37.0,752.0,300.0,2.0214589541531107,548.0
CTN_010,11392.0,1396.0,5512.0,24.0,477.0,58.0,1.8002808932631245,400.0
CTN_011,7066.0,1004.0,3199.0,19.0,324.0,44.0,1.8597672159269587,366.0
CTN_012,3145.0,497.0,1318.0,12.0,153.0,21.0,1.9348312503281322,288.0
CTN_013,1631.0,292.0,708.0,8.0,55.0,15.0,1.905267851502324,231.0
CTN_014,2121.0,303.0,1039.0,7.0,64.0,11.0,1.7369605836955972,221.0
CTN_015,1831.0,264.0,867.0,6.0,58.0,10.0,1.739894809470634,196.0
CTN_016,565.0,112.0,259.0,3.0,21.0,7.0,1.7306527844700121,118.0
CTN_017,689.0,135.0,280.0,2.0,34.0,4.0,1.930829417878103,144.0
CTN_018,17.0,0.0,10.0,0.0,0.0,0.0,1.315658070398555,9.0
CTN_019,1.0,0.0,0.0,0.0,0.0,0.0,-0.0,1.0
CTN_020,0.0,0.0,0.0,0.0,0.0,0.0,,0.0
CTN_021,0.0,0.0,0.0,0.0,0.0,0.0,,0.0
CTN_022,0.0,0.0,0.0,0.0,0.0,0.0,,0.0
CTN_023,0.0,0.0,0.0,0.0,0.0,0.0,,0.0
CTN_024,0.0,0.0,0.0,0.0,0.0,0.0,,0.0
CTN_025,650.0,44.0,180.0,0.0,3.0,0.0,1.691029422878242,93.0
CTN_026,0.0,0.0,0.0,0.0,0.0,0.0,,0.0
CTN_027,0.0,0.0,0.0,0.0,0.0,0.0,,0.0
CTN_028,0.0,0.0,0.0,0.0,0.0,0.0,,0.0
CTN_029,1042.0,21.0,196.0,0.0,4.0,0.0,1.0726728478926082,82.0
CTN_030,661.0,14.0,136.0,0.0,1.0,0.0,1.14266521830793,74.0
CTN_031,2464.0,389.0,981.0,3.0,68.0,9.0,1.8910087650913867,233.0
CTN_032,16126.0,2127.0,6997.0,18.0,556.0,192.0,1.9354201667259,456.0
CTN_033,1705.0,249.0,719.0,5.0,89.0,13.0,1.9715292649065816,234.0
CTN_034,543.0,58.0,269.0,0.0,14.0,1.0,1.7350426257849823,121.0
CTN_035,496.0,54.0,244.0,0.0,13.0,1.0,1.7499968023339,121.0
CTN_036,2.0,0.0,1.0,1.0,0.0,0.0,0.6931471805599453,2.0
CTN_037,622.0,74.0,293.0,1.0,23.0,2.0,1.844200582146735,145.0
CTN_038,1092.0,159.0,502.0,1.0,52.0,6.0,1.8901966142209585,186.0
CTN_039,4.0,0.0,0.0,0.0,0.0,0.0,-0.0,2.0
CTN_040,0.0,0.0,0.0,0.0,0.0,0.0,,0.0
CTN_041,33.0,0.0,1.0,0.0,0.0,4.0,0.3625010217396757,6.0
CTN_042,1592.0,326.0,692.0,1.0,52.0,0.0,1.7616490800662696,163.0
CTN_043,7178.0,1230.0,3268.0,4.0,359.0,24.0,1.7441102211736976,315.0
CTN_044,17138.0,2949.0,7091.0,23.0,709.0,165.0,1.927383731709704,499.0
CTN_045,17964.0,2984.0,7468.0,29.0,668.0,223.0,1.9635981478845383,513.0
