site_id,denue_n_est_5km,denue_n_food_lodging_5km,denue_n_retail_5km,denue_n_gas_stations_5km,denue_n_auto_repair_5km,denue_n_large_est_5km,denue_sector_shannon_5km,denue_n_distinct_activities_5km
S0000,6918.0,597.0,3781.0,1.0,222.0,35.0,1.6682347757559621,316.0
S0001,17570.0,1747.0,9286.0,35.0,564.0,83.0,1.7293803574562774,476.0
S0002,7037.0,569.0,3909.0,7.0,209.0,16.0,1.6408658379715215,311.0
S0003,25679.0,2681.0,13420.0,36.0,859.0,86.0,1.7242799529718291,501.0
S0004,14451.0,1270.0,7657.0,10.0,593.0,71.0,1.7070653873252168,422.0
S0005,2571.0,357.0,1172.0,3.0,100.0,8.0,1.8292585834583972,230.0
S0006,26.0,25.0,1.0,0.0,0.0,0.0,0.16302362949436594,6.0
S0007,13960.0,1644.0,6469.0,10.0,513.0,383.0,1.942610216335978,528.0
S0008,14622.0,1691.0,6512.0,27.0,541.0,392.0,1.9746784729597586,524.0
S0009,18057.0,1900.0,9129.0,20.0,710.0,129.0,1.7614374272730742,449.0
S0010,23204.0,2465.0,9530.0,31.0,895.0,821.0,2.076230987444982,633.0
S0011,19828.0,2379.0,8649.0,26.0,703.0,702.0,2.0119609946172776,590.0
S0012,11725.0,1389.0,5670.0,7.0,419.0,234.0,1.8684547955669106,472.0
S0013,1144.0,515.0,367.0,0.0,29.0,2.0,1.5477825853767115,128.0
S0014,8883.0,903.0,4365.0,19.0,298.0,91.0,1.8627771065934267,442.0
S0015,14228.0,1408.0,7068.0,30.0,411.0,234.0,1.8501252536254438,544.0
S0016,18103.0,1865.0,8401.0,42.0,623.0,353.0,1.9489158899802106,600.0
S0017,17586.0,1783.0,8192.0,42.0,601.0,352.0,1.9482670113374443,598.0
S0018,36284.0,4738.0,15271.0,73.0,1501.0,637.0,2.0192472249541207,668.0
S0019,36762.0,4786.0,15462.0,74.0,1518.0,636.0,2.0178891987464853,667.0
S0020,22211.0,2468.0,9344.0,31.0,845.0,807.0,2.0560845523250486,621.0
S0021,21361.0,2524.0,9385.0,26.0,753.0,717.0,2.000010260907644,597.0
S0022,8198.0,966.0,4022.0,5.0,321.0,117.0,1.8269186362902128,409.0
S0023,1113.0,512.0,350.0,0.0,28.0,2.0,1.537042161946794,125.0
S0024,13354.0,1975.0,5781.0,30.0,547.0,318.0,1.9625714020810272,548.0
S0025,3265.0,390.0,1629.0,11.0,142.0,46.0,1.781590561743265,282.0
S0026,3417.0,437.0,1628.0,5.0,150.0,31.0,1.8781452748955656,314.0
S0027,144.0,15.0,69.0,4.0,8.0,0.0,1.7699182866731746,70.0
S0028,824.0,105.0,326.0,6.0,51.0,17.0,2.0510766071848314,189.0
S0029,550.0,82.0,212.0,3.0,29.0,7.0,2.06437870623934,144.0
S0030,87.0,7.0,49.0,3.0,3.0,1.0,1.587342834653299,48.0
S0031,6.0,1.0,5.0,2.0,0.0,1.0,0.45056120886630463,3.0
S0032,5.0,0.0,5.0,1.0,0.0,0.0,-0.0,3.0
S0033,658.0,82.0,283.0,3.0,32.0,7.0,1.9652172833118393,163.0
S0034,326.0,54.0,151.0,6.0,6.0,5.0,1.8528731402757206,97.0
S0035,371.0,59.0,177.0,6.0,6.0,5.0,1.8214249383018195,101.0
S0036,1628.0,237.0,719.0,8.0,56.0,50.0,1.887332195748875,238.0
S0037,11748.0,1638.0,4643.0,20.0,594.0,170.0,2.0502403556416318,538.0
S0038,832.0,131.0,378.0,1.0,43.0,11.0,1.8894238741737335,170.0
S0039,587.0,92.0,289.0,7.0,10.0,6.0,1.8265487411610906,128.0
S0040,2558.0,354.0,1273.0,8.0,140.0,14.0,1.7781838512908776,282.0
S0041,2117.0,294.0,1015.0,3.0,119.0,21.0,1.81811855888571,274.0
S0042,1544.0,161.0,467.0,9.0,58.0,172.0,2.2729961640915928,325.0
S0043,19846.0,2799.0,7424.0,40.0,712.0,357.0,2.1320262767526947,607.0
S0044,37728.0,4114.0,18907.0,56.0,1695.0,177.0,1.7476690914524196,565.0
S0045,34053.0,3633.0,17314.0,54.0,1576.0,127.0,1.7179765398731668,540.0
S0046,9208.0,1116.0,4739.0,18.0,374.0,45.0,1.7396227768500563,391.0
S0047,5399.0,617.0,2770.0,13.0,225.0,28.0,1.7901498776334381,349.0
S0048,4823.0,534.0,2565.0,12.0,191.0,28.0,1.7416942584507498,340.0
S0049,3631.0,370.0,1913.0,11.0,159.0,27.0,1.7683594275654149,309.0
S0050,9412.0,1157.0,4422.0,9.0,412.0,102.0,1.86102584179388,465.0
S0051,3457.0,421.0,1851.0,4.0,120.0,14.0,1.6367198943491654,265.0
S0052,883.0,160.0,420.0,5.0,22.0,6.0,1.7338025788710578,163.0
S0053,6896.0,1094.0,2659.0,16.0,303.0,74.0,2.03009499471053,414.0
S0054,23221.0,3278.0,9010.0,44.0,1059.0,324.0,2.063665438248534,589.0
S0055,39093.0,4229.0,19538.0,58.0,1786.0,179.0,1.7536963642597299,573.0
S0056,18170.0,2019.0,9427.0,22.0,777.0,79.0,1.7168419162407698,446.0
S0057,8235.0,1004.0,4261.0,16.0,299.0,42.0,1.74001578961707,381.0
S0058,4715.0,552.0,2397.0,12.0,194.0,24.0,1.7942393063311937,334.0
S0059,7702.0,985.0,3449.0,10.0,387.0,104.0,1.9209871040813924,462.0
S0060,4013.0,485.0,2143.0,3.0,153.0,13.0,1.6442846406131542,284.0
S0061,10900.0,1108.0,5262.0,6.0,455.0,80.0,1.7926354351988096,410.0
S0062,4220.0,359.0,2314.0,3.0,171.0,16.0,1.6313811381693522,258.0
S0063,164.0,19.0,88.0,0.0,5.0,1.0,1.6610737595343092,68.0
S0064,1210.0,228.0,550.0,3.0,42.0,4.0,1.8352249773389695,190.0
S0065,594.0,155.0,257.0,1.0,17.0,0.0,1.780449704881029,124.0
S0066,4011.0,555.0,1727.0,8.0,230.0,51.0,1.938141713709772,338.0
S0067,14526.0,1908.0,6363.0,25.0,560.0,176.0,1.951199966958766,506.0
S0068,18963.0,2549.0,7585.0,16.0,739.0,409.0,2.003384372683433,572.0
S0069,15302.0,1652.0,7296.0,10.0,594.0,169.0,1.8422123002500277,476.0
S0070,913.0,190.0,403.0,3.0,30.0,3.0,1.8395368421492033,164.0
S0071,246.0,36.0,98.0,0.0,9.0,0.0,1.7415861494045664,68.0
S0072,8467.0,1220.0,3253.0,18.0,480.0,110.0,2.0314898766094363,456.0
S0073,15756.0,2072.0,6876.0,26.0,606.0,190.0,1.9488135616297078,514.0
S0074,8376.0,706.0,4864.0,4.0,245.0,42.0,1.5767251767134896,339.0
S0075,4712.0,495.0,2505.0,2.0,167.0,30.0,1.7196762219550243,286.0
S0076,0.0,0.0,0.0,0.0,0.0,0.0,,0.0
S0077,380.0,58.0,170.0,0.0,10.0,1.0,1.876980421751684,94.0
S0078,2408.0,516.0,1025.0,3.0,68.0,6.0,1.87456556200212,238.0
S0079,3068.0,612.0,1355.0,6.0,88.0,9.0,1.8515566109904336,258.0
S0080,33754.0,3831.0,17164.0,39.0,1221.0,119.0,1.738586762935211,553.0
S0081,22262.0,2465.0,11449.0,27.0,759.0,101.0,1.7326137988024373,499.0
S0082,376.0,49.0,232.0,1.0,13.0,0.0,1.4449405311310113,96.0
S0083,12532.0,1611.0,6055.0,16.0,456.0,38.0,1.8160145503690133,432.0
S0084,13212.0,1645.0,6382.0,19.0,465.0,60.0,1.8146765976682309,443.0
S0085,3905.0,460.0,1876.0,8.0,178.0,47.0,1.8466914969895052,351.0
S0086,4451.0,523.0,2129.0,9.0,191.0,49.0,1.8601466395097424,359.0
S0087,15889.0,2162.0,6623.0,29.0,707.0,87.0,1.9688196060763707,511.0
S0088,54090.0,5970.0,27069.0,44.0,2369.0,263.0,1.7403411565709748,611.0
S0089,52678.0,5825.0,26383.0,45.0,2304.0,263.0,1.7395079104504618,602.0
S0090,46995.0,5268.0,23752.0,38.0,1957.0,220.0,1.727588075691145,595.0
S0091,46057.0,5137.0,23386.0,36.0,1891.0,209.0,1.7220960720601035,594.0
S0092,34190.0,3750.0,17738.0,33.0,1145.0,145.0,1.7204283019622069,560.0
S0093,34311.0,3893.0,17315.0,52.0,1218.0,155.0,1.761799026642636,558.0
S0094,26774.0,3056.0,13512.0,46.0,930.0,131.0,1.7657661159286286,520.0
S0095,376.0,49.0,232.0,1.0,13.0,0.0,1.4449405311310113,96.0
S0096,2969.0,285.0,1317.0,3.0,80.0,5.0,1.7980748764175123,227.0
S0097,14878.0,1829.0,7266.0,20.0,517.0,55.0,1.8007983664788552,445.0
S0098,5333.0,540.0,2491.0,13.0,148.0,35.0,1.7591908068655688,302.0
S0099,3399.0,361.0,1635.0,8.0,79.0,16.0,1.7487909344532298,265.0
S0100,3166.0,328.0,1593.0,5.0,104.0,10.0,1.7992634685450293,272.0
S0101,10262.0,1364.0,4433.0,24.0,446.0,198.0,1.9539147579726244,489.0
S0102,37048.0,4785.0,16802.0,74.0,1635.0,545.0,1.9348033504692914,679.0
S0103,42636.0,5813.0,19501.0,74.0,1712.0,595.0,1.9230663640606733,676.0
S0104,17253.0,2360.0,6755.0,44.0,851.0,204.0,2.048269585159547,529.0
S0105,6556.0,803.0,2963.0,17.0,245.0,49.0,1.9032422736084356,364.0
S0106,5807.0,603.0,2730.0,11.0,195.0,28.0,1.8929732937449126,325.0
S0107,6327.0,700.0,2927.0,10.0,203.0,35.0,1.9452368337770112,357.0
S0108,4095.0,487.0,1883.0,6.0,156.0,24.0,1.947856076128408,327.0
S0109,3043.0,366.0,1424.0,2.0,91.0,10.0,1.8848137183398905,274.0
S0110,1456.0,149.0,774.0,2.0,34.0,3.0,1.746471161243309,182.0
S0111,5966.0,772.0,2765.0,9.0,205.0,24.0,1.8969940911548648,340.0
S0112,2232.0,278.0,1052.0,6.0,93.0,8.0,1.8782131486223683,236.0
S0113,3149.0,523.0,1429.0,4.0,152.0,13.0,1.8588329789236253,290.0
S0114,1748.0,279.0,781.0,4.0,114.0,4.0,1.8522320249744593,242.0
S0115,2.0,0.0,1.0,0.0,0.0,1.0,0.6931471805599453,2.0
S0116,176.0,22.0,75.0,0.0,7.0,0.0,1.8293235610184149,59.0
S0117,5071.0,1038.0,2174.0,16.0,207.0,55.0,1.8433263122898478,332.0
S0118,1588.0,366.0,695.0,10.0,58.0,27.0,1.85038286196943,225.0
S0119,1994.0,456.0,838.0,10.0,64.0,34.0,1.8754867116383587,244.0
S0120,814.0,122.0,343.0,3.0,42.0,3.0,1.9614342370523954,158.0
S0121,2086.0,407.0,840.0,2.0,79.0,11.0,1.8904982489495452,193.0
S0122,42.0,2.0,1.0,0.0,0.0,4.0,0.8759370101716355,8.0
S0123,27.0,3.0,14.0,0.0,0.0,0.0,1.3339124115631191,11.0
S0124,6631.0,543.0,3844.0,5.0,129.0,16.0,1.5991928218370808,314.0
S0125,389.0,34.0,135.0,0.0,11.0,1.0,1.9456752653279616,98.0
S0126,2236.0,300.0,881.0,4.0,110.0,9.0,1.9880838534487986,262.0
S0127,5733.0,622.0,3027.0,2.0,235.0,21.0,1.7718358466146589,317.0
S0128,1221.0,175.0,506.0,2.0,32.0,2.0,1.995964113788493,187.0
S0129,835.0,112.0,343.0,5.0,33.0,3.0,2.0326318899905518,154.0
S0130,222.0,21.0,85.0,1.0,8.0,0.0,2.1823872154622093,87.0
S0131,1531.0,207.0,719.0,2.0,58.0,5.0,1.8686048312922625,211.0
S0132,298.0,45.0,123.0,1.0,7.0,1.0,1.9879668603635996,96.0
S0133,1726.0,313.0,777.0,5.0,82.0,14.0,1.8063849547349733,191.0
S0134,1808.0,268.0,898.0,5.0,133.0,3.0,1.6733548134522718,198.0
S0135,2.0,0.0,0.0,0.0,0.0,0.0,-0.0,1.0
S0136,1.0,0.0,0.0,0.0,0.0,1.0,-0.0,1.0
S0137,1.0,0.0,0.0,0.0,0.0,1.0,-0.0,1.0
S0138,3510.0,556.0,1511.0,13.0,162.0,53.0,1.9820795565785176,357.0
S0139,6746.0,1074.0,2435.0,23.0,351.0,113.0,2.126734211962762,429.0
S0140,127.0,12.0,40.0,0.0,17.0,0.0,2.034295251958042,55.0
S0141,2163.0,288.0,859.0,4.0,110.0,9.0,1.9828959968707043,260.0
S0142,0.0,0.0,0.0,0.0,0.0,0.0,,0.0
S0143,2246.0,291.0,999.0,2.0,105.0,5.0,1.924103625056143,244.0
S0144,4029.0,633.0,1740.0,8.0,245.0,17.0,1.9063321088819916,309.0
S0145,1762.0,282.0,790.0,2.0,61.0,10.0,1.9189706127323973,237.0
S0146,570.0,98.0,229.0,1.0,26.0,2.0,2.0281031314701097,133.0
S0147,770.0,96.0,245.0,1.0,24.0,1.0,2.0165076126109835,175.0
S0148,9842.0,1386.0,4648.0,14.0,350.0,51.0,1.8653194637519968,392.0
S0149,10463.0,1470.0,4894.0,15.0,383.0,58.0,1.8710366566851657,398.0
S0150,692.0,63.0,254.0,0.0,21.0,1.0,1.8725005321156856,112.0
S0151,6992.0,570.0,3966.0,5.0,137.0,16.0,1.6222264711230818,318.0
S0152,1.0,0.0,1.0,0.0,0.0,0.0,-0.0,1.0
S0153,541.0,50.0,199.0,0.0,15.0,0.0,1.897187522097294,100.0
S0154,15132.0,2058.0,6505.0,14.0,499.0,183.0,1.9495989588553981,452.0
S0155,2124.0,287.0,965.0,3.0,61.0,4.0,1.850358487142894,223.0
S0156,2.0,0.0,0.0,0.0,0.0,0.0,-0.0,1.0
S0157,5766.0,559.0,2967.0,3.0,162.0,23.0,1.70794036180009,323.0
S0158,2217.0,284.0,1105.0,1.0,120.0,10.0,1.7948434227938679,244.0
S0159,940.0,137.0,398.0,1.0,30.0,3.0,1.9741315811958742,189.0
S0160,816.0,95.0,257.0,2.0,12.0,1.0,1.6103810542407182,128.0
S0161,31.0,5.0,5.0,2.0,5.0,0.0,1.9250741354802319,19.0
S0162,7260.0,1118.0,2645.0,11.0,295.0,135.0,2.0925916082999696,390.0
S0163,13101.0,1802.0,5288.0,16.0,429.0,176.0,2.016028596043068,448.0
S0164,13113.0,1802.0,5300.0,16.0,429.0,177.0,2.015308885436531,448.0
S0165,1546.0,250.0,592.0,5.0,98.0,24.0,2.0660024865820508,234.0
S0166,624.0,74.0,294.0,2.0,23.0,2.0,1.848350055470459,145.0
S0167,1093.0,159.0,502.0,1.0,52.0,6.0,1.8931565529673633,186.0
S0168,1092.0,159.0,502.0,1.0,52.0,6.0,1.8901966142209585,186.0
S0169,1086.0,158.0,499.0,1.0,52.0,6.0,1.8930042748169558,186.0
S0170,670.0,113.0,320.0,2.0,19.0,0.0,1.7873891128891262,142.0
S0171,712.0,155.0,287.0,2.0,24.0,2.0,1.8837636209593858,137.0
S0172,10570.0,1314.0,4990.0,12.0,332.0,71.0,1.838739200262829,397.0
S0173,0.0,0.0,0.0,0.0,0.0,0.0,,0.0
S0174,2148.0,92.0,416.0,1.0,31.0,1.0,1.6804225712136853,156.0
S0175,16911.0,2063.0,7753.0,29.0,569.0,181.0,1.9131016575904802,493.0
S0176,11738.0,1375.0,5732.0,23.0,496.0,75.0,1.7977073630336238,407.0
S0177,10383.0,1327.0,4968.0,24.0,450.0,57.0,1.801241503665411,398.0
S0178,11785.0,1426.0,5708.0,23.0,497.0,64.0,1.7968236520090237,402.0
S0179,6410.0,902.0,2937.0,16.0,297.0,36.0,1.835939145685208,349.0
S0180,1094.0,182.0,515.0,6.0,36.0,7.0,1.7977430858772803,181.0
S0181,2056.0,300.0,1002.0,6.0,55.0,11.0,1.7308714681061048,211.0
S0182,2105.0,334.0,933.0,3.0,69.0,10.0,1.9467058411225713,250.0
S0183,571.0,98.0,230.0,1.0,26.0,2.0,2.0261460520855175,133.0
S0184,26.0,0.0,13.0,0.0,2.0,0.0,1.709026789844581,18.0
S0185,177.0,22.0,75.0,0.0,7.0,0.0,1.8538659111756723,60.0
S0186,6667.0,544.0,3858.0,5.0,130.0,16.0,1.6006629621831459,314.0
S0187,9913.0,1391.0,4656.0,11.0,352.0,56.0,1.8611664645464487,389.0
S0188,4985.0,685.0,2457.0,9.0,175.0,29.0,1.8557217835091104,324.0
S0189,1.0,0.0,1.0,1.0,0.0,0.0,-0.0,1.0
S0190,1.0,0.0,1.0,1.0,0.0,0.0,-0.0,1.0
S0191,441.0,72.0,179.0,2.0,18.0,4.0,1.971744526160751,116.0
S0192,11.0,0.0,0.0,0.0,0.0,0.0,0.6890092384766586,2.0
S0193,12939.0,1655.0,5858.0,14.0,386.0,93.0,1.886081743887584,422.0
S0194,685.0,148.0,274.0,2.0,24.0,2.0,1.8996375372484113,137.0
S0195,4.0,0.0,4.0,0.0,0.0,2.0,-0.0,1.0
S0196,438.0,65.0,188.0,1.0,18.0,5.0,1.9335065152241961,107.0
S0197,10824.0,1346.0,4740.0,28.0,481.0,125.0,1.938680773700049,439.0
S0198,11930.0,1424.0,5767.0,25.0,514.0,80.0,1.8090905009797211,409.0
S0199,12281.0,1432.0,5965.0,23.0,551.0,69.0,1.799564606332863,406.0
S0200,11679.0,1419.0,5645.0,24.0,501.0,61.0,1.7994996112761155,401.0
S0201,6666.0,955.0,2989.0,18.0,317.0,39.0,1.8669511332500093,363.0
S0202,1842.0,328.0,786.0,9.0,69.0,15.0,1.9206314394147752,241.0
S0203,2097.0,307.0,1013.0,6.0,61.0,10.0,1.7379265809192155,213.0
S0204,1840.0,267.0,872.0,6.0,57.0,10.0,1.741804737523729,196.0
S0205,1872.0,315.0,848.0,3.0,53.0,12.0,1.8885463023694031,236.0
S0206,709.0,136.0,291.0,3.0,34.0,4.0,1.9341669745946666,145.0
S0207,563.0,74.0,250.0,3.0,30.0,3.0,1.8931696578430368,129.0
S0208,0.0,0.0,0.0,0.0,0.0,0.0,,0.0
S0209,5138.0,649.0,2604.0,7.0,198.0,30.0,1.7096638610883879,294.0
S0210,553.0,58.0,273.0,0.0,17.0,1.0,1.7403671748514458,123.0
S0211,1092.0,159.0,502.0,1.0,52.0,6.0,1.8901966142209585,186.0
S0212,6838.0,1162.0,3121.0,4.0,338.0,24.0,1.746040653798877,309.0
S0213,9691.0,1676.0,4378.0,9.0,462.0,42.0,1.7537035070283316,357.0
S0214,4202.0,664.0,1774.0,7.0,257.0,21.0,1.9290351367338137,310.0
S0215,0.0,0.0,0.0,0.0,0.0,0.0,,0.0
S0216,740.0,99.0,323.0,1.0,38.0,0.0,1.8033765145871021,133.0
S0217,30266.0,3671.0,13436.0,53.0,1189.0,437.0,1.9707029750276743,589.0
S0218,4740.0,417.0,2592.0,6.0,179.0,15.0,1.6977372107416935,285.0
S0219,0.0,0.0,0.0,0.0,0.0,0.0,,0.0
S0220,11.0,0.0,3.0,1.0,0.0,1.0,0.9949236325717752,5.0
S0221,534.0,71.0,258.0,1.0,10.0,4.0,1.8940347617385271,138.0
S0222,2.0,0.0,1.0,1.0,0.0,0.0,0.6931471805599453,2.0
S0223,3633.0,488.0,1787.0,4.0,169.0,16.0,1.8088731029655627,279.0
S0224,0.0,0.0,0.0,0.0,0.0,0.0,,0.0
S0225,249.0,38.0,111.0,0.0,10.0,0.0,1.90175174987185,84.0
S0226,526.0,100.0,187.0,1.0,31.0,1.0,2.0481873456230786,142.0
S0227,3678.0,578.0,1605.0,6.0,232.0,15.0,1.8842347018874883,299.0
S0228,1701.0,304.0,734.0,6.0,58.0,15.0,1.9028397673929573,232.0
S0229,45.0,7.0,12.0,1.0,3.0,0.0,2.0840793958272537,28.0
S0230,2132.0,338.0,1008.0,3.0,50.0,11.0,1.8601874568202055,215.0
S0231,1748.0,290.0,822.0,3.0,46.0,9.0,1.8712547168492393,191.0
S0232,1048.0,163.0,472.0,3.0,27.0,7.0,1.9437313047965117,165.0
S0233,291.0,40.0,136.0,1.0,8.0,1.0,1.9155658665082989,110.0
S0234,4.0,2.0,2.0,0.0,0.0,1.0,0.6931471805599453,3.0
S0235,11.0,0.0,0.0,0.0,0.0,0.0,0.6890092384766586,2.0
S0236,0.0,0.0,0.0,0.0,0.0,0.0,,0.0
S0237,2332.0,324.0,1065.0,2.0,87.0,8.0,1.8951812240576655,265.0
S0238,1597.0,236.0,605.0,4.0,90.0,7.0,2.0467100792228923,232.0
S0239,1106.0,159.0,502.0,1.0,52.0,6.0,1.9231109428315374,186.0
S0240,542.0,73.0,262.0,1.0,14.0,2.0,1.8097444938534448,127.0
S0241,2261.0,299.0,1122.0,4.0,69.0,8.0,1.8373266206559877,244.0
S0242,1419.0,225.0,685.0,1.0,57.0,6.0,1.765814358924336,190.0
S0243,2255.0,438.0,911.0,2.0,89.0,12.0,1.8739386036670416,197.0
S0244,443.0,65.0,189.0,1.0,19.0,5.0,1.9473374116558002,108.0
S0245,1514.0,237.0,664.0,1.0,61.0,9.0,1.9306526875349843,216.0
S0246,1519.0,237.0,664.0,1.0,61.0,9.0,1.9389783697902847,216.0
S0247,8.0,0.0,1.0,0.0,0.0,0.0,0.7356219397587946,2.0
S0248,976.0,153.0,401.0,3.0,46.0,1.0,1.960597402725181,176.0
S0249,862.0,131.0,358.0,2.0,37.0,0.0,1.9611838487797566,168.0
S0250,2480.0,406.0,1019.0,3.0,88.0,8.0,2.0022984443396084,263.0
S0251,2643.0,435.0,1070.0,4.0,97.0,10.0,2.0115867609427314,270.0
S0252,2564.0,423.0,1043.0,3.0,91.0,9.0,2.007761250882693,270.0
S0253,7.0,0.0,0.0,0.0,0.0,0.0,-0.0,4.0
S0254,347.0,61.0,129.0,1.0,26.0,0.0,1.933301798334737,101.0
S0255,0.0,0.0,0.0,0.0,0.0,0.0,,0.0
S0256,327.0,62.0,127.0,2.0,16.0,0.0,1.8848456650679795,104.0
S0257,1942.0,322.0,881.0,2.0,78.0,5.0,1.8378244638370305,217.0
S0258,420.0,68.0,175.0,0.0,11.0,1.0,1.8189638335421137,102.0
S0259,524.0,100.0,202.0,2.0,21.0,5.0,1.9696921418664264,135.0
S0260,962.0,165.0,410.0,2.0,43.0,6.0,1.8548309574290935,161.0
S0261,5522.0,1063.0,2379.0,4.0,205.0,45.0,1.8948708244903416,349.0
S0262,8919.0,1632.0,3674.0,19.0,424.0,59.0,1.904258842443719,414.0
S0263,5731.0,1159.0,2467.0,17.0,237.0,60.0,1.8429366213860805,353.0
S0264,16548.0,2877.0,7099.0,18.0,726.0,101.0,1.852270135434115,462.0
S0265,9250.0,1633.0,3963.0,15.0,476.0,44.0,1.8336054968182505,384.0
S0266,1475.0,256.0,664.0,5.0,60.0,12.0,1.8298174234815365,179.0
S0267,380.0,46.0,144.0,1.0,6.0,12.0,1.761042193814515,77.0
S0268,215.0,25.0,104.0,0.0,2.0,4.0,1.701219304020014,59.0
S0269,1.0,0.0,0.0,0.0,0.0,1.0,-0.0,1.0
S0270,1684.0,284.0,767.0,2.0,68.0,8.0,1.8599276629661696,227.0
S0271,491.0,79.0,229.0,1.0,9.0,0.0,1.9233499326999568,121.0
S0272,1449.0,225.0,685.0,1.0,57.0,6.0,1.8300212542417782,192.0
S0273,859.0,152.0,359.0,1.0,38.0,2.0,1.913822396068301,154.0
S0274,94.0,14.0,27.0,0.0,7.0,0.0,2.0677494445490456,46.0
S0275,1217.0,175.0,506.0,2.0,32.0,2.0,1.9940692654520642,185.0
S0276,345.0,44.0,150.0,1.0,19.0,1.0,1.9418380847791554,105.0
S0277,43.0,1.0,3.0,1.0,0.0,0.0,0.7140174207136057,7.0
S0278,1437.0,234.0,576.0,4.0,79.0,5.0,1.9520822786285938,227.0
S0279,0.0,0.0,0.0,0.0,0.0,0.0,,0.0
S0280,708.0,93.0,262.0,5.0,51.0,12.0,2.098461826458692,180.0
S0281,526.0,101.0,204.0,2.0,21.0,6.0,1.9587803473143846,134.0
S0282,276.0,40.0,105.0,1.0,9.0,0.0,1.9910174885482483,92.0
S0283,39.0,1.0,3.0,1.0,0.0,0.0,0.5047899870795486,6.0
S0284,3321.0,490.0,1388.0,7.0,179.0,14.0,1.9634156921154111,302.0
S0285,6266.0,1207.0,2754.0,8.0,201.0,59.0,1.882320443867635,363.0
S0286,5960.0,1127.0,2612.0,10.0,193.0,59.0,1.8962956737433303,360.0
S0287,5764.0,1079.0,2521.0,9.0,180.0,53.0,1.9030828175294465,358.0
S0288,1329.0,241.0,608.0,6.0,32.0,18.0,1.8410845323746483,178.0
S0289,741.0,99.0,324.0,1.0,38.0,0.0,1.802060388173252,133.0
S0290,741.0,99.0,324.0,1.0,38.0,0.0,1.802060388173252,133.0
S0291,271.0,30.0,124.0,1.0,15.0,0.0,1.7505534839420334,86.0
S0292,2.0,0.0,1.0,1.0,0.0,0.0,0.6931471805599453,2.0
S0293,9.0,3.0,1.0,1.0,0.0,0.0,0.936888307539016,3.0
S0294,6.0,0.0,1.0,1.0,0.0,1.0,0.8675632284814612,3.0
S0295,2.0,0.0,2.0,1.0,0.0,0.0,-0.0,2.0
S0296,8.0,0.0,0.0,0.0,0.0,2.0,-0.0,2.0
S0297,0.0,0.0,0.0,0.0,0.0,0.0,,0.0
S0298,1056.0,167.0,402.0,5.0,44.0,26.0,2.128020978798535,220.0
S0299,2423.0,375.0,952.0,10.0,150.0,34.0,2.0379839853627697,289.0
S0300,1517.0,243.0,684.0,1.0,74.0,8.0,1.82330615241975,191.0
S0301,2652.0,398.0,1160.0,3.0,136.0,14.0,1.8393745434870867,237.0
S0302,6371.0,996.0,2378.0,17.0,355.0,64.0,2.0588664019788143,391.0
S0303,2093.0,290.0,878.0,4.0,120.0,10.0,1.8617940634525192,201.0
S0304,1203.0,155.0,542.0,1.0,64.0,1.0,1.8410889205308918,181.0
S0305,7754.0,1324.0,3495.0,6.0,392.0,25.0,1.7568181831302656,320.0
S0306,656.0,106.0,281.0,0.0,25.0,1.0,1.8745550358948204,121.0
S0307,2644.0,435.0,1070.0,4.0,97.0,10.0,2.0134622260727943,270.0
S0308,2645.0,435.0,1071.0,4.0,97.0,10.0,2.01281890825578,271.0
S0309,1943.0,179.0,855.0,2.0,92.0,5.0,1.9733055283654617,251.0
S0310,1.0,0.0,1.0,1.0,0.0,0.0,-0.0,1.0
S0311,9064.0,902.0,4483.0,19.0,286.0,85.0,1.8589117225174552,437.0
S0312,9234.0,1627.0,3583.0,16.0,310.0,55.0,1.908189170400834,390.0
S0313,8634.0,1533.0,3315.0,14.0,288.0,55.0,1.909074541172619,386.0
S0314,8231.0,1310.0,3249.0,12.0,268.0,51.0,1.9125706370898445,382.0
S0315,5009.0,513.0,1974.0,12.0,155.0,46.0,1.945879766147774,344.0
S0316,22899.0,2547.0,11789.0,50.0,788.0,118.0,1.750100842599583,505.0
S0317,17200.0,1852.0,8967.0,33.0,560.0,105.0,1.748101346115721,470.0
S0318,7161.0,698.0,4022.0,9.0,177.0,10.0,1.6251787749683264,290.0
S0319,5108.0,481.0,2849.0,9.0,145.0,10.0,1.655348652864198,284.0
S0320,4985.0,503.0,2392.0,7.0,210.0,28.0,1.8374980051842542,332.0
S0321,811.0,65.0,450.0,1.0,30.0,1.0,1.58466301046031,107.0
S0322,2369.0,209.0,1206.0,6.0,63.0,8.0,1.8131164969626625,247.0
S0323,2839.0,314.0,1147.0,7.0,138.0,35.0,2.051188950255451,321.0
S0324,562.0,83.0,217.0,3.0,31.0,7.0,2.0593632644190345,145.0
S0325,9689.0,973.0,4723.0,21.0,327.0,102.0,1.8791407613941256,461.0
S0326,6521.0,612.0,3285.0,14.0,180.0,65.0,1.8038987246355298,376.0
S0327,5858.0,1028.0,2552.0,8.0,199.0,43.0,1.8866823817906868,359.0
S0328,8713.0,1636.0,3548.0,18.0,334.0,59.0,1.9015719532822473,388.0
S0329,47.0,4.0,27.0,0.0,0.0,2.0,1.5032271986743182,28.0
S0330,4467.0,644.0,1837.0,4.0,171.0,21.0,1.9888859786895294,347.0
S0331,970.0,96.0,542.0,0.0,33.0,2.0,1.6076997593937201,159.0
S0332,2359.0,235.0,1283.0,3.0,97.0,4.0,1.6655936459311562,221.0
S0333,25183.0,2887.0,11800.0,56.0,1247.0,404.0,1.8713296767120837,603.0
S0334,22336.0,2857.0,10341.0,38.0,993.0,224.0,1.875993746242971,556.0
S0335,31938.0,3713.0,15673.0,44.0,1300.0,193.0,1.7879454748214425,558.0
S0336,22792.0,2966.0,10227.0,51.0,1003.0,405.0,1.9412430714062392,625.0
S0337,24728.0,3132.0,11651.0,37.0,1041.0,230.0,1.8525249960002217,554.0
S0338,936.0,87.0,443.0,1.0,54.0,1.0,1.8559483493456657,186.0
S0339,5718.0,538.0,2717.0,15.0,198.0,84.0,1.9376737125781434,396.0
S0340,2740.0,229.0,1360.0,7.0,76.0,8.0,1.8475519971794951,266.0
S0341,10440.0,1006.0,5517.0,21.0,297.0,59.0,1.7498966589305498,413.0
S0342,5688.0,494.0,2957.0,17.0,178.0,43.0,1.7747817822398473,345.0
S0343,2888.0,241.0,1622.0,8.0,83.0,17.0,1.646121499759383,233.0
S0344,670.0,74.0,352.0,1.0,9.0,1.0,1.6448848515789072,115.0
S0345,464.0,62.0,264.0,0.0,7.0,1.0,1.6245347184652854,102.0
S0346,7.0,0.0,0.0,0.0,0.0,0.0,-0.0,1.0
S0347,2648.0,205.0,1379.0,1.0,64.0,4.0,1.7681432452103507,230.0
S0348,3410.0,276.0,1761.0,3.0,125.0,4.0,1.7575633701099016,258.0
S0349,4902.0,499.0,2638.0,10.0,207.0,19.0,1.6909400595361304,291.0
S0350,1297.0,118.0,647.0,1.0,64.0,3.0,1.793283109185361,194.0
S0351,936.0,87.0,443.0,1.0,54.0,1.0,1.8559483493456657,186.0
S0352,19963.0,2231.0,10231.0,24.0,703.0,99.0,1.7387402935738638,490.0
S0353,23722.0,2305.0,13206.0,24.0,760.0,80.0,1.6382941880277988,458.0
S0354,9551.0,1025.0,4807.0,27.0,290.0,60.0,1.8186551698746507,405.0
S0355,3045.0,252.0,1721.0,8.0,88.0,20.0,1.6384776948267938,240.0
S0356,1061.0,106.0,552.0,1.0,29.0,5.0,1.7314564164643216,166.0
S0357,1997.0,199.0,1091.0,1.0,47.0,8.0,1.6942128717032103,213.0
S0358,4228.0,450.0,2132.0,8.0,127.0,17.0,1.769870234975271,293.0
S0359,12.0,0.0,3.0,1.0,0.0,1.0,0.9596147939120492,5.0
S0360,118.0,18.0,50.0,2.0,7.0,3.0,1.9210339825538807,66.0
S0361,2526.0,413.0,1182.0,5.0,49.0,27.0,1.9378471280123961,301.0
S0362,0.0,0.0,0.0,0.0,0.0,0.0,,0.0
S0363,4109.0,462.0,1950.0,9.0,174.0,30.0,1.867893757300727,325.0
S0364,4533.0,469.0,2190.0,9.0,184.0,28.0,1.8399734074692247,323.0
S0365,720.0,61.0,350.0,2.0,24.0,0.0,1.7919357627109054,138.0
S0366,7414.0,913.0,3840.0,16.0,272.0,41.0,1.7327350117836953,364.0
S0367,4881.0,586.0,2293.0,8.0,173.0,19.0,1.8532712909906117,320.0
S0368,4592.0,595.0,2090.0,7.0,143.0,19.0,1.9157107844655494,313.0
S0369,1678.0,303.0,528.0,2.0,33.0,4.0,2.0471405947774004,233.0
S0370,995.0,153.0,657.0,1.0,6.0,0.0,1.2166326139072783,110.0
S0371,4250.0,569.0,1924.0,7.0,142.0,19.0,1.9151456868944365,311.0
S0372,1825.0,242.0,683.0,2.0,33.0,5.0,2.0073722137844054,235.0
S0373,663.0,56.0,286.0,0.0,10.0,2.0,1.802022748381439,119.0
S0374,5849.0,765.0,2694.0,10.0,204.0,24.0,1.9004168439112208,339.0
S0375,547.0,69.0,284.0,1.0,11.0,1.0,1.7287113358372557,115.0
S0376,0.0,0.0,0.0,0.0,0.0,0.0,,0.0
S0377,20.0,1.0,13.0,0.0,0.0,0.0,1.1637233479037756,13.0
S0378,717.0,69.0,358.0,0.0,24.0,4.0,1.82520938822056,153.0
S0379,3364.0,369.0,1691.0,8.0,127.0,16.0,1.8202583728916086,302.0
S0380,5894.0,552.0,3048.0,13.0,271.0,21.0,1.743261999859666,347.0
S0381,4730.0,393.0,2515.0,10.0,163.0,12.0,1.7081579976591799,306.0
S0382,8789.0,934.0,4311.0,14.0,399.0,46.0,1.8280779731964103,422.0
S0383,5792.0,595.0,2892.0,9.0,224.0,18.0,1.802890331229197,350.0
S0384,5718.0,767.0,2550.0,7.0,217.0,18.0,1.9134485500554597,361.0
S0385,11214.0,1554.0,4982.0,20.0,440.0,107.0,1.9138759921089978,472.0
S0386,2347.0,394.0,1134.0,3.0,93.0,16.0,1.782722357282507,242.0
S0387,10767.0,1101.0,5371.0,18.0,448.0,89.0,1.807502441684838,420.0
S0388,10826.0,1102.0,5399.0,18.0,453.0,89.0,1.8083140722821849,420.0
S0389,1636.0,154.0,838.0,4.0,54.0,19.0,1.754014283907456,201.0
S0390,585.0,64.0,298.0,8.0,21.0,13.0,1.7747817108511885,134.0
S0391,625.0,55.0,321.0,9.0,25.0,10.0,1.7445091817760146,141.0
S0392,4902.0,501.0,2351.0,9.0,204.0,28.0,1.8405838356791617,331.0
S0393,4824.0,500.0,2309.0,9.0,203.0,28.0,1.8454154268391323,331.0
S0394,505.0,27.0,245.0,1.0,8.0,10.0,1.8231459059722337,140.0
S0395,5322.0,524.0,2476.0,18.0,222.0,86.0,1.9596629714717946,394.0
S0396,1352.0,156.0,684.0,4.0,38.0,7.0,1.8441519750891129,203.0
S0397,1351.0,156.0,683.0,3.0,39.0,6.0,1.8393212543284818,201.0
S0398,686.0,78.0,363.0,1.0,11.0,6.0,1.7647311063019626,163.0
S0399,3.0,0.0,2.0,2.0,0.0,0.0,0.6365141682948128,2.0
S0400,138.0,14.0,62.0,2.0,2.0,1.0,1.9101300951111826,65.0
S0401,214.0,30.0,98.0,6.0,4.0,5.0,1.8926159002915144,84.0
S0402,6791.0,733.0,3433.0,14.0,371.0,31.0,1.773405517439001,343.0
S0403,2.0,0.0,0.0,0.0,0.0,0.0,-0.0,1.0
S0404,1988.0,294.0,938.0,3.0,32.0,23.0,1.9574677929787343,285.0
S0405,510.0,56.0,249.0,1.0,12.0,0.0,1.8828895130838372,131.0
S0406,120.0,12.0,55.0,0.0,3.0,1.0,1.9621778165219748,57.0
S0407,4797.0,496.0,2299.0,9.0,197.0,28.0,1.8446002718015817,331.0
S0408,4260.0,451.0,2066.0,9.0,171.0,28.0,1.836726922121204,321.0
S0409,434.0,29.0,249.0,1.0,10.0,1.0,1.5586245673183485,94.0
S0410,548.0,61.0,253.0,3.0,14.0,1.0,1.9234438786019048,142.0
S0411,565.0,80.0,272.0,0.0,11.0,3.0,1.887520549316493,123.0
S0412,4174.0,377.0,2289.0,1.0,197.0,9.0,1.6034514683056056,236.0
S0413,8920.0,902.0,4411.0,3.0,384.0,62.0,1.7854987454411047,391.0
S0414,2248.0,198.0,1144.0,6.0,54.0,8.0,1.8152808571497785,242.0
S0415,91.0,3.0,67.0,0.0,1.0,1.0,1.0112467911075076,27.0
S0416,654.0,64.0,343.0,3.0,15.0,3.0,1.7850562006142747,153.0
S0417,385.0,57.0,171.0,0.0,8.0,1.0,1.9518149601229478,115.0
S0418,8810.0,1599.0,3357.0,16.0,310.0,54.0,1.917048589406032,387.0
S0419,518.0,87.0,228.0,3.0,19.0,4.0,1.826803155222898,121.0
S0420,3.0,0.0,3.0,2.0,0.0,0.0,-0.0,2.0
S0421,809.0,180.0,304.0,4.0,27.0,0.0,1.99508919600687,150.0
S0422,9.0,0.0,0.0,0.0,0.0,0.0,-0.0,1.0
S0423,2713.0,234.0,1283.0,3.0,121.0,3.0,1.8371130720663538,250.0
S0424,4394.0,395.0,2187.0,7.0,151.0,7.0,1.8086179954623804,291.0
S0425,631.0,81.0,343.0,1.0,9.0,0.0,1.6594012012364248,105.0
S0426,2659.0,371.0,1187.0,4.0,107.0,8.0,1.8421656769986496,237.0
S0427,1152.0,513.0,369.0,0.0,30.0,3.0,1.5730822509380329,131.0
S0428,6720.0,709.0,3491.0,4.0,228.0,47.0,1.772801433786672,346.0
S0429,12127.0,1328.0,5693.0,23.0,505.0,130.0,1.8635928910661737,431.0
S0430,1390.0,163.0,603.0,2.0,52.0,5.0,1.9896634545936303,231.0
S0431,645.0,55.0,301.0,1.0,28.0,3.0,1.9033667525856648,166.0
S0432,933.0,75.0,398.0,1.0,33.0,3.0,1.9460484512241867,174.0
S0433,1466.0,73.0,989.0,1.0,30.0,3.0,1.3455917817468686,171.0
S0434,5257.0,523.0,2437.0,18.0,222.0,86.0,1.9632585034965044,393.0
S0435,32544.0,4670.0,12046.0,58.0,1370.0,838.0,2.1217569578799576,714.0
S0436,20442.0,2263.0,10596.0,17.0,821.0,64.0,1.7244433839741022,483.0
S0437,4131.0,524.0,2120.0,5.0,243.0,20.0,1.7140220340763976,257.0
S0438,1816.0,219.0,965.0,4.0,93.0,8.0,1.7087439630216064,189.0
S0439,962.0,103.0,499.0,2.0,51.0,3.0,1.745572034254014,152.0
S0440,1605.0,176.0,745.0,2.0,55.0,6.0,1.909246295112845,235.0
S0441,162.0,24.0,76.0,1.0,5.0,3.0,1.7981076616349565,72.0
S0442,6635.0,613.0,3181.0,20.0,266.0,86.0,1.9254573029509614,411.0
S0443,6358.0,583.0,3035.0,19.0,246.0,83.0,1.9340666968012712,408.0
S0444,343.0,11.0,156.0,0.0,1.0,1.0,1.5153534089734917,72.0
S0445,257.0,7.0,130.0,0.0,1.0,0.0,1.3650209766727468,57.0
S0446,976.0,122.0,403.0,1.0,45.0,9.0,2.0146942104737984,194.0
S0447,808.0,112.0,358.0,1.0,23.0,1.0,1.999833550731458,168.0
S0448,3893.0,393.0,1768.0,10.0,191.0,13.0,1.9538591636681077,322.0
S0449,1846.0,228.0,834.0,4.0,71.0,7.0,1.94133574994127,254.0
S0450,848.0,130.0,408.0,1.0,24.0,1.0,1.8183640336387197,177.0
S0451,13306.0,1583.0,5072.0,26.0,687.0,222.0,2.0916660010717494,528.0
S0452,863.0,498.0,195.0,0.0,22.0,1.0,1.3698273510698826,101.0
S0453,1276.0,528.0,427.0,0.0,25.0,1.0,1.63742465798584,132.0
S0454,633.0,81.0,343.0,1.0,9.0,0.0,1.6657328739929005,106.0
S0455,9050.0,1730.0,3718.0,16.0,338.0,55.0,1.8859479262295413,383.0
S0456,8804.0,1602.0,3344.0,16.0,303.0,55.0,1.9260862507195542,385.0
S0457,4445.0,523.0,2075.0,7.0,162.0,21.0,1.9228978775726258,326.0
S0458,25664.0,2924.0,12152.0,57.0,1275.0,358.0,1.856265896781251,602.0
S0459,21221.0,3079.0,8948.0,62.0,884.0,521.0,2.002976645121076,623.0
S0460,13159.0,1825.0,5768.0,29.0,556.0,296.0,1.9589688171819357,551.0
S0461,7595.0,736.0,3914.0,16.0,348.0,69.0,1.7683161662748144,388.0
S0462,5665.0,604.0,2984.0,10.0,215.0,44.0,1.6965942794421325,321.0
S0463,2296.0,304.0,1051.0,2.0,97.0,20.0,1.9079828675299513,286.0
S0464,169.0,20.0,62.0,3.0,17.0,3.0,2.042633394568529,89.0
S0465,1.0,0.0,1.0,1.0,0.0,0.0,-0.0,1.0
S0466,635.0,79.0,341.0,1.0,23.0,1.0,1.6764743600800158,147.0
S0467,440.0,53.0,233.0,1.0,9.0,3.0,1.6958253915133108,125.0
S0468,2896.0,358.0,1495.0,1.0,96.0,12.0,1.7664894222804046,256.0
S0469,3556.0,427.0,1697.0,10.0,128.0,15.0,1.8660994004747171,298.0
S0470,1932.0,225.0,907.0,8.0,77.0,7.0,1.880887613221898,253.0
S0471,336.0,29.0,192.0,1.0,11.0,1.0,1.606881458002486,104.0
S0472,2937.0,356.0,1241.0,3.0,146.0,35.0,2.003732945405812,345.0
S0473,1.0,0.0,1.0,0.0,0.0,0.0,-0.0,1.0
S0474,1.0,0.0,0.0,0.0,0.0,0.0,-0.0,1.0
S0475,2.0,0.0,0.0,0.0,0.0,0.0,0.6931471805599453,2.0
S0476,655.0,92.0,319.0,2.0,26.0,3.0,1.8591895066002413,150.0
S0477,537.0,79.0,250.0,1.0,20.0,3.0,1.8564663084170911,136.0
S0478,1303.0,76.0,648.0,0.0,47.0,9.0,1.733935655355771,150.0
S0479,641.0,53.0,324.0,2.0,16.0,0.0,1.7385381503583452,130.0
S0480,938.0,75.0,399.0,1.0,33.0,3.0,1.951780436301133,174.0
S0481,101.0,11.0,34.0,2.0,1.0,3.0,2.0306734764900973,60.0
S0482,195.0,24.0,83.0,4.0,11.0,0.0,1.9125039640581891,87.0
S0483,2.0,0.0,0.0,0.0,0.0,0.0,0.6931471805599453,2.0
S0484,1219.0,198.0,540.0,3.0,49.0,5.0,1.9086557685043508,202.0
S0485,3150.0,523.0,1430.0,5.0,152.0,13.0,1.858493641150471,290.0
S0486,862.0,85.0,466.0,4.0,22.0,8.0,1.7512178304169939,176.0
S0487,670.0,64.0,358.0,3.0,15.0,3.0,1.7599463749251885,153.0
S0488,1546.0,218.0,644.0,1.0,56.0,10.0,2.031765042376949,218.0
S0489,11165.0,1595.0,5097.0,21.0,459.0,192.0,1.8715979717482627,476.0
S0490,1230.0,155.0,627.0,0.0,55.0,2.0,1.7256093410681845,173.0
S0491,1768.0,214.0,932.0,4.0,92.0,8.0,1.7172598862719564,188.0
S0492,290.0,10.0,140.0,1.0,1.0,1.0,1.5137074059899291,68.0
S0493,674.0,7.0,144.0,1.0,5.0,2.0,1.029865906139976,61.0
S0494,2234.0,159.0,825.0,2.0,77.0,5.0,2.0061894576772654,247.0
S0495,22037.0,2888.0,9823.0,53.0,992.0,429.0,1.951981835229601,629.0
S0496,11044.0,1240.0,5608.0,15.0,451.0,41.0,1.751324703002211,408.0
S0497,8251.0,798.0,4292.0,15.0,349.0,33.0,1.758662688296646,353.0
S0498,9655.0,984.0,4748.0,20.0,300.0,122.0,1.8700874222932324,471.0
S0499,2546.0,252.0,1355.0,8.0,97.0,19.0,1.7166286102437187,239.0
S0500,2403.0,209.0,1323.0,0.0,91.0,5.0,1.6643877606109785,212.0
S0501,3533.0,319.0,1907.0,5.0,140.0,10.0,1.7055830200453792,262.0
S0502,5502.0,494.0,2823.0,9.0,198.0,11.0,1.781434526858732,309.0
S0503,5539.0,538.0,2729.0,9.0,193.0,62.0,1.8305588148830023,350.0
S0504,2768.0,257.0,1402.0,5.0,125.0,5.0,1.7830653562573333,250.0
S0505,2703.0,238.0,1324.0,4.0,125.0,3.0,1.8366069969250456,239.0
S0506,1087.0,85.0,528.0,0.0,36.0,0.0,1.7938572086647813,134.0
S0507,664.0,46.0,337.0,4.0,19.0,1.0,1.7577376462882333,129.0
S0508,376.0,22.0,206.0,8.0,9.0,8.0,1.6700022605477096,107.0
S0509,15580.0,1727.0,8088.0,12.0,652.0,46.0,1.7292281798457578,431.0
S0510,757.0,90.0,382.0,0.0,15.0,6.0,1.8555162048891076,142.0
S0511,398.0,60.0,189.0,0.0,10.0,1.0,1.8406781974500146,113.0
S0512,4507.0,493.0,2099.0,15.0,190.0,35.0,1.881077528443719,316.0
S0513,8745.0,1550.0,3348.0,16.0,305.0,55.0,1.9116030943167115,387.0
S0514,9125.0,1743.0,3741.0,16.0,334.0,53.0,1.8863313544243467,382.0
S0515,8257.0,908.0,3967.0,21.0,511.0,57.0,1.8312512632183666,384.0
S0516,2554.0,249.0,1287.0,4.0,93.0,8.0,1.8212564555729693,221.0
S0517,0.0,0.0,0.0,0.0,0.0,0.0,,0.0
S0518,1102.0,151.0,534.0,1.0,35.0,3.0,1.781476334807314,182.0
S0519,298.0,43.0,133.0,1.0,12.0,2.0,1.9553318418316814,106.0
S0520,12955.0,1274.0,6842.0,10.0,475.0,32.0,1.72701355489167,388.0
S0521,2678.0,244.0,1401.0,3.0,102.0,3.0,1.7112827202182277,212.0
S0522,2747.0,259.0,1384.0,5.0,128.0,5.0,1.7850630829178775,245.0
S0523,2788.0,243.0,1409.0,5.0,120.0,5.0,1.7931658495579028,244.0
S0524,547.0,61.0,253.0,3.0,14.0,1.0,1.9136049052123498,141.0
S0525,7.0,0.0,1.0,1.0,0.0,0.0,0.410116318288409,2.0
S0526,465.0,62.0,265.0,1.0,7.0,1.0,1.6222521076931384,103.0
S0527,418.0,59.0,205.0,1.0,8.0,3.0,1.8490852913575986,130.0
S0528,298.0,43.0,133.0,1.0,12.0,2.0,1.9553318418316814,106.0
S0529,202.0,14.0,91.0,0.0,4.0,1.0,1.931607774687402,71.0
S0530,418.0,59.0,205.0,1.0,8.0,3.0,1.8490852913575986,130.0
S0531,417.0,59.0,204.0,1.0,8.0,3.0,1.8518079963102687,129.0
S0532,110.0,17.0,47.0,2.0,7.0,3.0,1.9021926966017313,65.0
S0533,5.0,0.0,4.0,2.0,0.0,0.0,0.5004024235381879,3.0
S0534,0.0,0.0,0.0,0.0,0.0,0.0,,0.0
S0535,443.0,13.0,313.0,0.0,6.0,0.0,1.283667087063829,77.0
S0536,723.0,21.0,525.0,0.0,5.0,0.0,1.1929620554116227,85.0
S0537,657.0,82.0,282.0,2.0,32.0,7.0,1.9669226876408048,163.0
S0538,4.0,0.0,2.0,2.0,0.0,1.0,1.0397207708399179,3.0
S0539,16099.0,1567.0,7807.0,35.0,529.0,290.0,1.8873397485232524,565.0
S0540,4931.0,441.0,2096.0,5.0,145.0,17.0,1.867670034061095,279.0
S0541,14188.0,1363.0,6750.0,30.0,446.0,323.0,1.9244579120735876,572.0
S0542,6613.0,711.0,3113.0,13.0,253.0,129.0,1.9052443269488302,415.0
S0543,3757.0,358.0,1902.0,2.0,135.0,12.0,1.7724359153575664,254.0
S0544,1.0,0.0,0.0,0.0,0.0,0.0,-0.0,1.0
S0545,25553.0,3337.0,10769.0,58.0,1291.0,477.0,1.9977383479887278,628.0
S0546,29327.0,3734.0,12830.0,77.0,1359.0,573.0,1.9741022226742844,655.0
S0547,25453.0,3273.0,11667.0,66.0,1076.0,387.0,1.9139780489504827,614.0
S0548,23440.0,2801.0,11584.0,21.0,930.0,84.0,1.766373555528129,474.0
S0549,998.0,64.0,587.0,0.0,30.0,2.0,1.6057941183670672,130.0
S0550,2244.0,362.0,1000.0,3.0,113.0,13.0,1.8831009561752385,277.0
S0551,4060.0,430.0,1795.0,6.0,152.0,135.0,2.031650418071004,416.0
S0552,2436.0,215.0,1330.0,0.0,100.0,5.0,1.6762043114473975,214.0
S0553,2133.0,179.0,1215.0,2.0,93.0,4.0,1.630384823015266,210.0
S0554,1913.0,184.0,973.0,6.0,75.0,10.0,1.8077750289112569,213.0
S0555,369.0,45.0,177.0,3.0,15.0,2.0,1.8281518771949168,107.0
S0556,108.0,5.0,67.0,1.0,1.0,0.0,1.353953326589893,40.0
S0557,45579.0,6197.0,17733.0,70.0,1583.0,1814.0,2.1459783505311454,807.0
S0558,38344.0,5230.0,15737.0,51.0,1524.0,970.0,2.0433642572018007,725.0
S0559,4786.0,540.0,2471.0,12.0,201.0,42.0,1.7258989625425318,310.0
S0560,5663.0,507.0,3002.0,9.0,220.0,16.0,1.7104373759771498,324.0
S0561,26126.0,3100.0,12877.0,26.0,1036.0,128.0,1.7665496176194382,510.0
S0562,39980.0,4499.0,19619.0,62.0,1774.0,226.0,1.7787265278001734,579.0
S0563,33280.0,3908.0,15858.0,40.0,1570.0,197.0,1.7948613759481462,553.0
S0564,35061.0,4114.0,16238.0,30.0,1667.0,107.0,1.8197941089941467,563.0
S0565,18474.0,2225.0,8215.0,15.0,927.0,64.0,1.855811807636482,474.0
S0566,2415.0,262.0,973.0,4.0,113.0,33.0,2.03890281087133,302.0
S0567,87.0,7.0,49.0,3.0,3.0,1.0,1.587342834653299,48.0
S0568,0.0,0.0,0.0,0.0,0.0,0.0,,0.0
S0569,0.0,0.0,0.0,0.0,0.0,0.0,,0.0
S0570,0.0,0.0,0.0,0.0,0.0,0.0,,0.0
S0571,3824.0,391.0,2076.0,9.0,159.0,22.0,1.7147665684796611,306.0
S0572,8271.0,814.0,4297.0,15.0,345.0,37.0,1.7641895940863417,364.0
S0573,2562.0,295.0,1163.0,4.0,109.0,16.0,1.9292341102166384,275.0
S0574,2607.0,344.0,1184.0,5.0,115.0,27.0,1.9153135383322968,292.0
S0575,3257.0,421.0,1485.0,6.0,148.0,32.0,1.906776862315348,314.0
S0576,4168.0,467.0,1869.0,3.0,228.0,28.0,1.949820459941739,328.0
S0577,4802.0,511.0,2241.0,3.0,246.0,20.0,1.8974659849222764,310.0
S0578,3067.0,362.0,1439.0,2.0,167.0,8.0,1.851213994477771,272.0
S0579,5210.0,641.0,2428.0,5.0,241.0,19.0,1.8952751927055358,349.0
S0580,813.0,241.0,356.0,2.0,35.0,4.0,1.6318171104215133,131.0
S0581,2336.0,259.0,1173.0,8.0,87.0,7.0,1.8095423700818127,257.0
S0582,971.0,125.0,459.0,2.0,27.0,3.0,1.8633306995083918,178.0
S0583,2018.0,227.0,993.0,3.0,84.0,17.0,1.8290969923087361,279.0
S0584,9312.0,1166.0,4345.0,10.0,423.0,103.0,1.8659477522936332,470.0
S0585,5082.0,479.0,2812.0,2.0,139.0,14.0,1.677694855546644,320.0
S0586,8074.0,971.0,3744.0,9.0,361.0,98.0,1.8891173685086209,453.0
S0587,28359.0,3431.0,12708.0,52.0,1215.0,411.0,1.94693433154578,591.0
S0588,10399.0,1179.0,4902.0,29.0,669.0,74.0,1.8440680895692592,410.0
S0589,6712.0,705.0,3419.0,15.0,353.0,26.0,1.7672781944460296,335.0
S0590,2212.0,228.0,1080.0,4.0,104.0,4.0,1.8228377944173884,227.0
S0591,859.0,94.0,418.0,3.0,26.0,5.0,1.8444059115149514,166.0
S0592,863.0,86.0,467.0,3.0,22.0,8.0,1.7429877700176752,178.0
S0593,183.0,10.0,111.0,1.0,1.0,0.0,1.4448297185686563,49.0
S0594,523.0,56.0,261.0,1.0,12.0,0.0,1.8461803320783488,131.0
S0595,180.0,4.0,97.0,1.0,7.0,6.0,1.592590119060686,51.0
S0596,5969.0,688.0,3027.0,10.0,227.0,30.0,1.7839361341449442,368.0
S0597,78.0,5.0,43.0,3.0,2.0,2.0,1.6024907851327281,33.0
S0598,11.0,1.0,7.0,3.0,0.0,1.0,0.8599672810355049,7.0
S0599,7.0,2.0,4.0,2.0,0.0,0.0,0.9556998911125343,4.0
S0600,1190.0,131.0,540.0,2.0,41.0,3.0,1.92745860680275,210.0
S0601,8729.0,772.0,3637.0,10.0,425.0,20.0,2.015643793097859,388.0
S0602,5.0,0.0,1.0,1.0,0.0,0.0,0.9502705392332347,3.0
S0603,0.0,0.0,0.0,0.0,0.0,0.0,,0.0
S0604,2.0,0.0,2.0,0.0,0.0,0.0,-0.0,1.0
S0605,21395.0,2727.0,8163.0,27.0,745.0,343.0,2.0969221212162714,588.0
S0606,5382.0,516.0,2562.0,13.0,211.0,51.0,1.929258151533781,374.0
S0607,1029.0,49.0,605.0,3.0,18.0,1.0,1.5370108023127427,145.0
S0608,3.0,1.0,2.0,2.0,0.0,1.0,0.6365141682948128,2.0
S0609,6.0,1.0,2.0,2.0,0.0,1.0,1.0114042647073516,3.0
S0610,6.0,1.0,1.0,1.0,0.0,1.0,0.8675632284814612,3.0
S0611,388.0,37.0,206.0,0.0,21.0,2.0,1.7122555768179955,104.0
S0612,3904.0,393.0,1769.0,9.0,193.0,13.0,1.9561303012447329,321.0
S0613,811.0,492.0,166.0,0.0,19.0,1.0,1.3216267987285149,92.0
S0614,3924.0,567.0,1861.0,10.0,128.0,21.0,1.8474776446396142,311.0
S0615,1352.0,156.0,684.0,4.0,38.0,7.0,1.8441519750891129,203.0
S0616,1352.0,156.0,684.0,4.0,38.0,7.0,1.8441519750891129,203.0
S0617,3056.0,345.0,1235.0,8.0,155.0,38.0,2.0455725243974907,326.0
S0618,661.0,90.0,260.0,7.0,46.0,12.0,2.0316870280194137,165.0
S0619,752.0,95.0,296.0,7.0,48.0,14.0,2.056213210983132,185.0
S0620,927.0,98.0,396.0,7.0,40.0,10.0,2.024184482050406,189.0
S0621,4189.0,471.0,1876.0,3.0,228.0,29.0,1.9531362730224553,331.0
S0622,1338.0,122.0,673.0,2.0,63.0,3.0,1.7767339651659673,195.0
S0623,660.0,108.0,315.0,5.0,17.0,6.0,1.7846158786069009,153.0
S0624,691.0,86.0,368.0,0.0,11.0,1.0,1.6835829656796042,134.0
S0625,546.0,50.0,249.0,1.0,16.0,23.0,1.9650916332009498,172.0
S0626,4226.0,529.0,1904.0,9.0,219.0,20.0,1.884485434616558,341.0
S0627,388.0,28.0,232.0,1.0,10.0,1.0,1.600798302002825,101.0
S0628,12109.0,1593.0,5741.0,18.0,438.0,58.0,1.8293495233987322,435.0
S0629,12245.0,1605.0,5800.0,18.0,448.0,58.0,1.830640087883523,436.0
S0630,14023.0,1723.0,6812.0,21.0,496.0,56.0,1.8079224425288258,442.0
S0631,14627.0,1433.0,7992.0,3.0,596.0,26.0,1.6238603076519211,353.0
S0632,25609.0,3112.0,12025.0,33.0,1139.0,211.0,1.8434483734102802,569.0
S0633,28914.0,3420.0,13181.0,53.0,1405.0,353.0,1.8939290247697074,600.0
S0634,9667.0,997.0,5165.0,9.0,333.0,27.0,1.6772882989850422,350.0
S0635,5225.0,603.0,2668.0,15.0,220.0,27.0,1.7928496393109998,344.0
S0636,4779.0,566.0,2316.0,5.0,168.0,13.0,1.798847916459605,315.0
S0637,3136.0,262.0,1727.0,5.0,100.0,10.0,1.6518548956710475,266.0
S0638,3789.0,388.0,2012.0,10.0,160.0,22.0,1.7564334925428036,315.0
S0639,4390.0,509.0,2229.0,12.0,182.0,54.0,1.7573627356574537,321.0
S0640,2700.0,366.0,1135.0,5.0,186.0,46.0,1.9917235906471733,298.0
S0641,1746.0,227.0,726.0,9.0,114.0,34.0,2.0165121077214234,267.0
S0642,1210.0,228.0,550.0,3.0,42.0,3.0,1.8352249773389695,190.0
S0643,3.0,0.0,3.0,2.0,0.0,0.0,-0.0,2.0
S0644,207.0,25.0,90.0,1.0,13.0,3.0,1.895648788008642,96.0
S0645,3196.0,349.0,1608.0,7.0,117.0,15.0,1.8225571472939808,297.0
S0646,3406.0,372.0,1708.0,7.0,132.0,16.0,1.822140303512624,302.0
S0647,2749.0,277.0,1459.0,6.0,95.0,8.0,1.7227430644932662,246.0
S0648,2506.0,245.0,1319.0,5.0,83.0,8.0,1.7346571336357492,240.0
S0649,3515.0,378.0,1781.0,7.0,134.0,16.0,1.8101166808569926,303.0
S0650,917.0,55.0,516.0,1.0,30.0,3.0,1.5825838672997043,134.0
S0651,34024.0,3873.0,17288.0,39.0,1219.0,122.0,1.740167210612611,551.0
S0652,33643.0,3815.0,16973.0,50.0,1191.0,150.0,1.7617724709586642,556.0
S0653,13909.0,1500.0,7078.0,35.0,498.0,74.0,1.7839994236254226,448.0
S0654,6567.0,655.0,3591.0,18.0,184.0,32.0,1.6861218901409118,321.0
S0655,5218.0,480.0,2923.0,11.0,147.0,12.0,1.6501850073371072,293.0
S0656,2429.0,241.0,1283.0,6.0,82.0,10.0,1.7304331781638544,236.0
S0657,3406.0,372.0,1709.0,7.0,132.0,16.0,1.8217604341217153,302.0
S0658,4521.0,474.0,2279.0,9.0,140.0,18.0,1.7678168393990523,296.0
S0659,3645.0,415.0,1817.0,6.0,122.0,16.0,1.7698861237833323,286.0
S0660,1269.0,195.0,550.0,2.0,53.0,9.0,1.9089278435063077,208.0
S0661,4376.0,627.0,2232.0,4.0,103.0,27.0,1.7191299656695733,322.0
S0662,5434.0,833.0,2613.0,10.0,245.0,39.0,1.7752373497552105,348.0
S0663,9762.0,1378.0,4619.0,12.0,351.0,57.0,1.830015062748398,421.0
S0664,3638.0,520.0,1514.0,7.0,215.0,34.0,1.8923171431185173,313.0
S0665,662.0,83.0,282.0,3.0,49.0,13.0,1.9217685010938101,160.0
S0666,3133.0,330.0,1073.0,7.0,101.0,1.0,1.9943187186421591,269.0
S0667,2262.0,272.0,871.0,6.0,86.0,1.0,2.058666538399875,254.0
S0668,13.0,0.0,5.0,1.0,0.0,0.0,1.5193826646423012,9.0
S0669,5338.0,857.0,2231.0,4.0,232.0,27.0,1.9893391908349989,350.0
S0670,3348.0,368.0,1677.0,8.0,131.0,16.0,1.824404180438336,300.0
S0671,3326.0,372.0,1667.0,6.0,106.0,12.0,1.772170462848759,277.0
S0672,1278.0,192.0,607.0,0.0,26.0,6.0,1.8183470531229884,184.0
S0673,5118.0,651.0,2351.0,7.0,203.0,19.0,1.886778224639671,342.0
S0674,3968.0,475.0,1845.0,9.0,145.0,16.0,1.8956054214190114,317.0
S0675,14753.0,1488.0,7511.0,18.0,653.0,55.0,1.750850853996738,475.0
S0676,10749.0,1084.0,5341.0,15.0,498.0,50.0,1.8005527302090871,451.0
S0677,7408.0,804.0,3630.0,13.0,320.0,37.0,1.8211982556796977,390.0
S0678,6204.0,830.0,2730.0,8.0,231.0,25.0,1.9303794205487768,373.0
S0679,3648.0,442.0,1720.0,10.0,131.0,16.0,1.8773002074545597,300.0
S0680,1103.0,137.0,534.0,2.0,33.0,3.0,1.839057901688581,184.0
S0681,685.0,85.0,364.0,0.0,11.0,1.0,1.687728007966614,134.0
S0682,915.0,132.0,433.0,3.0,33.0,6.0,1.836733136271992,182.0
S0683,5.0,1.0,4.0,2.0,0.0,0.0,0.5004024235381879,3.0
S0684,457.0,78.0,172.0,3.0,79.0,4.0,1.7884471489299107,139.0
S0685,38469.0,4224.0,19064.0,59.0,1736.0,203.0,1.7698435776551198,579.0
S0686,38347.0,4163.0,18976.0,60.0,1720.0,195.0,1.7739180126287297,583.0
S0687,12603.0,1291.0,6379.0,15.0,556.0,54.0,1.7656542224431488,462.0
S0688,7112.0,770.0,3475.0,13.0,307.0,37.0,1.8257432249349417,384.0
S0689,5197.0,669.0,2339.0,7.0,207.0,18.0,1.9151784743301639,353.0
S0690,32398.0,3974.0,15198.0,35.0,1309.0,563.0,1.8868766343420296,660.0
S0691,4409.0,402.0,2414.0,4.0,169.0,18.0,1.6678725884790642,262.0
S0692,4229.0,379.0,2099.0,4.0,146.0,7.0,1.8090149775696522,284.0
S0693,6658.0,717.0,3128.0,12.0,251.0,127.0,1.905129692611608,415.0
S0694,6659.0,717.0,3129.0,12.0,251.0,127.0,1.9049570256778658,415.0
S0695,7221.0,734.0,3788.0,16.0,272.0,185.0,1.7730717481268314,434.0
S0696,30819.0,3487.0,14829.0,62.0,1259.0,490.0,1.8997471994155364,636.0
S0697,41393.0,4218.0,22436.0,34.0,1385.0,148.0,1.6680023259677703,558.0
S0698,35236.0,3425.0,19806.0,31.0,1092.0,91.0,1.6134335120983212,492.0
S0699,10777.0,1415.0,4944.0,13.0,345.0,102.0,1.8931723565322147,464.0
S0700,11288.0,1515.0,4979.0,16.0,446.0,109.0,1.9394560647393393,474.0
S0701,2500.0,364.0,1097.0,4.0,96.0,19.0,1.9237257521375049,260.0
S0702,1182.0,143.0,540.0,2.0,40.0,8.0,1.9100386845673063,192.0
S0703,308.0,36.0,157.0,1.0,8.0,0.0,1.6655848293669477,87.0
S0704,3769.0,476.0,1670.0,7.0,209.0,19.0,1.8903322922868706,334.0
S0705,388.0,28.0,232.0,1.0,10.0,1.0,1.600798302002825,101.0
S0706,385.0,28.0,230.0,1.0,10.0,1.0,1.5925277461774332,101.0
S0707,591.0,46.0,303.0,2.0,23.0,1.0,1.850517685887159,155.0
S0708,485.0,38.0,247.0,1.0,10.0,1.0,1.8217034625329012,123.0
S0709,482.0,36.0,249.0,1.0,8.0,1.0,1.808811584716174,123.0
S0710,694.0,72.0,323.0,3.0,32.0,3.0,1.954048540219354,156.0
S0711,9038.0,1069.0,4116.0,13.0,413.0,61.0,1.942092193525515,454.0
S0712,11357.0,1366.0,5103.0,22.0,596.0,78.0,1.9431462095667484,488.0
S0713,11982.0,1425.0,5420.0,17.0,626.0,85.0,1.9342902204230767,492.0
S0714,5438.0,557.0,2517.0,12.0,284.0,50.0,1.906091508738568,374.0
S0715,3165.0,266.0,1566.0,4.0,92.0,19.0,1.8235309949134533,264.0
S0716,5411.0,514.0,2670.0,7.0,229.0,41.0,1.8227352856020822,356.0
S0717,5045.0,469.0,2499.0,10.0,215.0,25.0,1.8122006213971147,345.0
S0718,876.0,76.0,436.0,1.0,51.0,5.0,1.744802673928136,164.0
S0719,875.0,76.0,436.0,1.0,51.0,5.0,1.737911254015635,163.0
S0720,1265.0,141.0,630.0,1.0,45.0,4.0,1.8012557882209712,181.0
S0721,47.0,2.0,28.0,0.0,1.0,0.0,1.3982143358587342,25.0
S0722,788.0,81.0,393.0,2.0,19.0,1.0,1.6831056224001861,126.0
S0723,714.0,77.0,353.0,1.0,15.0,0.0,1.666500841174659,120.0
S0724,28200.0,3414.0,12765.0,19.0,1295.0,146.0,1.8624620100176859,557.0
S0725,11610.0,1520.0,5250.0,18.0,456.0,106.0,1.8988348390716496,466.0
S0726,10220.0,1040.0,5043.0,16.0,426.0,42.0,1.816571046516379,442.0
S0727,11250.0,1471.0,5150.0,14.0,394.0,105.0,1.893138374191928,470.0
S0728,12317.0,1597.0,5659.0,20.0,467.0,109.0,1.8833496481923082,476.0
S0729,10661.0,957.0,5945.0,14.0,293.0,37.0,1.6535088654615593,381.0
S0730,12537.0,1266.0,6312.0,15.0,554.0,51.0,1.7707350244685467,455.0
S0731,15158.0,1492.0,7703.0,19.0,694.0,55.0,1.7496503656935332,474.0
S0732,174.0,10.0,105.0,1.0,1.0,0.0,1.4515435959175682,49.0
S0733,125.0,6.0,81.0,1.0,1.0,0.0,1.2912305501680346,42.0
S0734,666.0,73.0,348.0,1.0,9.0,1.0,1.6517162248256172,115.0
S0735,1826.0,272.0,869.0,3.0,31.0,20.0,1.937822633360638,275.0
S0736,581.0,81.0,291.0,1.0,7.0,1.0,1.7638849377690375,130.0
S0737,758.0,119.0,383.0,1.0,9.0,2.0,1.70881228121428,135.0
S0738,2576.0,319.0,976.0,5.0,95.0,2.0,2.0600654216355374,263.0
S0739,316.0,35.0,98.0,1.0,2.0,0.0,1.8409849034946748,75.0
S0740,318.0,35.0,98.0,1.0,2.0,0.0,1.8362371106333735,76.0
S0741,4398.0,605.0,1987.0,3.0,128.0,27.0,1.8811288483453812,328.0
S0742,627.0,89.0,254.0,2.0,36.0,4.0,1.9309213967702497,127.0
S0743,19478.0,2606.0,8264.0,33.0,714.0,269.0,1.9863403306279817,542.0
S0744,24790.0,3308.0,10229.0,32.0,1014.0,358.0,2.004534465629237,604.0
S0745,26968.0,3550.0,11167.0,41.0,1072.0,396.0,2.004960971723844,613.0
S0746,20370.0,2576.0,8807.0,34.0,737.0,246.0,1.9732521432951569,538.0
S0747,17468.0,2311.0,7056.0,26.0,878.0,261.0,2.0105063122266533,552.0
S0748,11934.0,1407.0,5292.0,16.0,602.0,156.0,1.9157973000313473,470.0
S0749,5326.0,607.0,2522.0,8.0,263.0,41.0,1.8097646374068468,330.0
S0750,3874.0,482.0,1775.0,4.0,145.0,15.0,1.8751745049782282,300.0
S0751,3605.0,497.0,1598.0,5.0,125.0,15.0,1.8987153482508823,302.0
S0752,3629.0,526.0,1591.0,5.0,128.0,15.0,1.8982564261044923,300.0
S0753,3106.0,593.0,1385.0,5.0,110.0,15.0,1.816270296514903,261.0
S0754,14124.0,2031.0,6613.0,15.0,476.0,80.0,1.8440505223284154,459.0
S0755,13143.0,1880.0,6224.0,12.0,426.0,74.0,1.8343323301958823,448.0
S0756,443.0,53.0,200.0,0.0,16.0,0.0,1.7499481328215092,98.0
S0757,2036.0,522.0,827.0,0.0,31.0,9.0,1.7788350894427303,227.0
S0758,2036.0,522.0,827.0,0.0,31.0,9.0,1.7788350894427303,227.0
S0759,1717.0,489.0,686.0,0.0,22.0,10.0,1.7579001319519618,216.0
S0760,832.0,171.0,332.0,2.0,31.0,4.0,1.8834058546267458,157.0
S0761,2665.0,542.0,1175.0,6.0,91.0,14.0,1.8218591818893812,244.0
S0762,10714.0,1497.0,5206.0,12.0,358.0,60.0,1.8056178623151624,426.0
S0763,16297.0,2134.0,7084.0,28.0,619.0,201.0,1.9566046279904803,520.0
S0764,2807.0,370.0,1287.0,4.0,156.0,14.0,1.8195523108714786,262.0
S0765,2037.0,522.0,827.0,0.0,31.0,9.0,1.7821930437027202,228.0
S0766,2019.0,521.0,822.0,0.0,31.0,9.0,1.7734151238666573,224.0
S0767,5.0,2.0,2.0,0.0,0.0,2.0,1.0549201679861442,4.0
S0768,1939.0,315.0,866.0,2.0,54.0,10.0,1.9416440443765117,246.0
S0769,1780.0,272.0,855.0,3.0,46.0,6.0,1.8386948818029305,198.0
S0770,2853.0,564.0,1268.0,5.0,101.0,14.0,1.812471140407669,256.0
S0771,2581.0,512.0,1143.0,5.0,84.0,12.0,1.8218727625530666,243.0
S0772,2437.0,485.0,1085.0,6.0,85.0,13.0,1.8346136726366542,243.0
S0773,10065.0,1347.0,4677.0,23.0,427.0,61.0,1.8414812253716328,403.0
S0774,1967.0,339.0,799.0,10.0,100.0,8.0,1.9334177205336083,247.0
S0775,3634.0,510.0,1599.0,5.0,130.0,13.0,1.9030767532015782,303.0
S0776,2449.0,363.0,1139.0,2.0,78.0,8.0,1.8175824566366516,262.0
S0777,4492.0,673.0,2007.0,7.0,191.0,24.0,1.8645787366432196,300.0
S0778,972.0,198.0,408.0,1.0,37.0,7.0,1.8168452593436824,154.0
S0779,1872.0,313.0,850.0,3.0,52.0,12.0,1.8885788208721885,236.0
S0780,4618.0,637.0,2078.0,4.0,150.0,30.0,1.8897468170483742,334.0
S0781,332.0,35.0,98.0,1.0,2.0,0.0,1.8026369765347867,75.0
S0782,388.0,61.0,157.0,1.0,8.0,0.0,1.942113138643374,108.0
S0783,700.0,78.0,329.0,3.0,9.0,2.0,1.904113454831875,150.0
S0784,1527.0,251.0,728.0,3.0,39.0,9.0,1.8621255978261924,185.0
S0785,570.0,98.0,229.0,1.0,26.0,2.0,2.0281031314701097,133.0
S0786,873.0,162.0,400.0,1.0,21.0,4.0,1.8269304965524362,131.0
S0787,316.0,35.0,98.0,1.0,2.0,0.0,1.8409849034946748,75.0
S0788,3636.0,461.0,1644.0,4.0,133.0,15.0,1.8942873828919775,298.0
S0789,3658.0,530.0,1604.0,5.0,128.0,15.0,1.8993805110697513,302.0
S0790,7330.0,1025.0,3340.0,19.0,340.0,43.0,1.853426022298222,371.0
S0791,1891.0,286.0,931.0,6.0,52.0,11.0,1.720342414668258,211.0
S0792,2187.0,335.0,1048.0,2.0,54.0,11.0,1.85613223150378,213.0
S0793,3387.0,478.0,1495.0,7.0,184.0,46.0,1.899285875244281,309.0
S0794,1571.0,267.0,700.0,2.0,72.0,5.0,1.8578788240299562,213.0
S0795,561.0,93.0,232.0,2.0,30.0,4.0,1.9383828028727785,135.0
S0796,1743.0,288.0,778.0,2.0,55.0,10.0,1.9217618120559194,238.0
S0797,806.0,160.0,316.0,3.0,44.0,5.0,1.9525542318791103,158.0
S0798,6695.0,978.0,2954.0,9.0,250.0,45.0,1.9113305716310232,362.0
S0799,6705.0,968.0,2974.0,8.0,239.0,44.0,1.906108526689515,366.0
S0800,1243.0,188.0,545.0,3.0,51.0,8.0,1.8993891694800482,205.0
S0801,962.0,147.0,414.0,1.0,21.0,7.0,1.9214068213060251,162.0
S0802,1469.0,260.0,670.0,4.0,48.0,1.0,1.8485546593284616,194.0
S0803,3098.0,621.0,1365.0,6.0,90.0,10.0,1.8531303141131552,260.0
S0804,780.0,160.0,310.0,2.0,30.0,4.0,1.8870488609587361,155.0
S0805,3754.0,527.0,1649.0,5.0,135.0,14.0,1.905399279907574,306.0
S0806,242.0,45.0,103.0,0.0,1.0,1.0,1.8779187240169717,79.0
S0807,985.0,139.0,420.0,2.0,40.0,2.0,1.9586184995018652,163.0
S0808,5391.0,760.0,2442.0,5.0,149.0,31.0,1.8917262837867634,336.0
S0809,6015.0,875.0,2650.0,7.0,205.0,41.0,1.9109015720724896,357.0
S0810,6434.0,943.0,2848.0,9.0,230.0,44.0,1.9093928097239503,361.0
S0811,6373.0,904.0,2901.0,8.0,224.0,41.0,1.8865330109660448,349.0
S0812,829.0,119.0,362.0,1.0,32.0,3.0,1.9434511080608108,151.0
S0813,756.0,112.0,330.0,1.0,24.0,3.0,1.945274275115797,148.0
S0814,1112.0,185.0,504.0,2.0,17.0,6.0,1.8795356205402918,161.0
S0815,2223.0,368.0,979.0,4.0,64.0,10.0,1.8852347832120624,211.0
S0816,6093.0,887.0,2786.0,6.0,141.0,28.0,1.8824547422411646,351.0
S0817,10994.0,1592.0,4892.0,11.0,353.0,55.0,1.8977690009442523,424.0
S0818,1983.0,300.0,924.0,4.0,64.0,9.0,1.7601430266864448,200.0
S0819,562.0,91.0,236.0,2.0,30.0,3.0,1.9278072915677646,134.0
S0820,281.0,35.0,124.0,1.0,9.0,0.0,1.9988184681630972,86.0
S0821,5293.0,797.0,2363.0,8.0,175.0,39.0,1.9086348161190696,348.0
S0822,828.0,187.0,327.0,2.0,43.0,5.0,1.8579252875021552,150.0
S0823,812.0,117.0,359.0,1.0,28.0,3.0,1.925743826684505,150.0
S0824,1172.0,204.0,539.0,3.0,31.0,2.0,1.7997075040316173,185.0
S0825,4815.0,684.0,2410.0,4.0,122.0,31.0,1.7448407094616931,334.0
S0826,2036.0,281.0,842.0,2.0,49.0,11.0,1.8840925220734273,223.0
S0827,1120.0,139.0,516.0,4.0,25.0,2.0,1.8846134466294626,175.0
S0828,2246.0,255.0,1001.0,4.0,62.0,4.0,1.9538869517693178,231.0
S0829,1728.0,491.0,692.0,0.0,22.0,10.0,1.756395441194291,216.0
S0830,3763.0,538.0,1650.0,5.0,130.0,14.0,1.9033025956657745,307.0
S0831,12543.0,1493.0,5737.0,16.0,544.0,156.0,1.8954696013078656,468.0
S0832,6970.0,929.0,3224.0,19.0,305.0,49.0,1.8601727059300894,372.0
S0833,3223.0,521.0,1328.0,13.0,167.0,20.0,1.9461881773802099,293.0
S0834,6670.0,973.0,2940.0,9.0,250.0,44.0,1.914193496183733,362.0
S0835,6710.0,974.0,2962.0,10.0,242.0,44.0,1.9110558898448236,364.0
S0836,3030.0,339.0,1033.0,7.0,93.0,1.0,1.9502572533399585,258.0
S0837,2236.0,225.0,769.0,3.0,35.0,4.0,1.8020107804382675,205.0
S0838,2245.0,233.0,779.0,2.0,35.0,4.0,1.8915260479531266,212.0
S0839,1606.0,185.0,628.0,1.0,24.0,5.0,2.0196882364500826,188.0
S0840,1133.0,184.0,533.0,6.0,38.0,7.0,1.7988507261506752,185.0
S0841,2184.0,322.0,1054.0,6.0,65.0,10.0,1.7326799050366144,217.0
S0842,4217.0,627.0,1868.0,6.0,185.0,27.0,1.8804450129689472,302.0
S0843,6072.0,887.0,2675.0,9.0,213.0,43.0,1.9219083453455312,360.0
S0844,3111.0,346.0,1098.0,6.0,104.0,2.0,2.0140786781316486,272.0
S0845,1395.0,205.0,573.0,1.0,38.0,4.0,2.0434251717356857,212.0
S0846,1171.0,204.0,538.0,3.0,31.0,2.0,1.8034543127117197,186.0
S0847,2440.0,342.0,1198.0,3.0,77.0,7.0,1.7727951897413652,247.0
S0848,505.0,66.0,221.0,0.0,12.0,0.0,1.88550876968592,101.0
S0849,1559.0,262.0,694.0,1.0,46.0,4.0,1.8569110060049157,181.0
S0850,5306.0,847.0,2218.0,4.0,230.0,27.0,1.9910796994934066,350.0
S0851,4801.0,663.0,2155.0,5.0,162.0,32.0,1.8932134561065772,339.0
S0852,3663.0,486.0,1693.0,4.0,111.0,25.0,1.8740618759916785,318.0
S0853,2706.0,377.0,1365.0,3.0,78.0,6.0,1.739635696399995,249.0
S0854,2678.0,361.0,1147.0,6.0,127.0,10.0,1.9197977814156624,281.0
S0855,2750.0,311.0,991.0,5.0,91.0,1.0,2.033638203968222,263.0
S0856,13896.0,1724.0,6713.0,21.0,488.0,59.0,1.8141218063666475,445.0
S0857,12830.0,1644.0,6122.0,22.0,473.0,57.0,1.8231193101498824,441.0
S0858,12096.0,1573.0,5733.0,17.0,432.0,59.0,1.8298444403421128,435.0
S0859,3670.0,465.0,1698.0,6.0,172.0,16.0,1.7920033938745634,271.0
S0860,8775.0,1124.0,3393.0,6.0,294.0,86.0,2.118659650185944,441.0
S0861,9840.0,1287.0,3744.0,12.0,390.0,101.0,2.114641940583045,450.0
S0862,11120.0,1415.0,4250.0,13.0,469.0,113.0,2.1131862886467103,466.0
S0863,12754.0,1626.0,6094.0,22.0,473.0,57.0,1.8225652506220773,441.0
S0864,11367.0,1480.0,5391.0,16.0,394.0,54.0,1.8313620647677522,428.0
S0865,11435.0,1483.0,4382.0,14.0,484.0,125.0,2.109737205809022,476.0
S0866,17987.0,2079.0,7639.0,15.0,699.0,158.0,1.9983310626461994,518.0
S0867,14016.0,1452.0,6204.0,16.0,573.0,105.0,1.936102941231224,479.0
S0868,6455.0,773.0,2728.0,11.0,333.0,53.0,1.9958372975361893,416.0
S0869,12102.0,1431.0,5538.0,18.0,622.0,78.0,1.9191454749287185,484.0
S0870,1666.0,169.0,831.0,5.0,85.0,11.0,1.8186265496560012,223.0
S0871,310.0,25.0,171.0,5.0,15.0,5.0,1.7133385258389913,99.0
S0872,1991.0,227.0,896.0,4.0,102.0,5.0,1.960356054962618,275.0
S0873,3326.0,379.0,1543.0,5.0,150.0,6.0,1.9265513472275781,302.0
S0874,4978.0,623.0,2268.0,5.0,218.0,22.0,1.9412885136688536,358.0
S0875,194.0,4.0,90.0,2.0,2.0,0.0,1.5295024908283876,51.0
S0876,31568.0,4240.0,14225.0,66.0,1561.0,397.0,1.9091912373629962,629.0
S0877,31681.0,4258.0,14266.0,67.0,1566.0,400.0,1.9105833303026964,631.0
S0878,8858.0,1128.0,3993.0,12.0,353.0,123.0,1.8838327014698029,443.0
S0879,11262.0,1440.0,5067.0,12.0,414.0,59.0,1.8632950790492628,424.0
S0880,9473.0,1094.0,4088.0,10.0,354.0,38.0,1.8865379571752692,393.0
S0881,8607.0,963.0,3676.0,8.0,322.0,39.0,1.8792464833629596,381.0
S0882,8626.0,1018.0,3574.0,11.0,360.0,45.0,1.914964065548515,395.0
S0883,14157.0,1720.0,5700.0,14.0,612.0,124.0,2.0546657566960627,485.0
S0884,14156.0,1719.0,5700.0,14.0,612.0,124.0,2.0546619791749494,485.0
S0885,14847.0,1787.0,6120.0,14.0,617.0,124.0,2.036748072505036,491.0
S0886,26849.0,3692.0,12564.0,40.0,1231.0,283.0,1.850076220554806,578.0
S0887,8101.0,1011.0,3535.0,8.0,283.0,34.0,1.8782225117197802,374.0
S0888,19964.0,2182.0,8636.0,16.0,776.0,161.0,1.9812472847496518,523.0
S0889,20318.0,2419.0,8656.0,19.0,875.0,150.0,1.9530037683792665,523.0
S0890,453.0,71.0,147.0,2.0,12.0,0.0,2.119472451331931,118.0
S0891,295.0,48.0,122.0,1.0,10.0,0.0,1.9985970595750577,114.0
S0892,210.0,16.0,101.0,0.0,2.0,0.0,1.8526281757876932,69.0
S0893,6919.0,879.0,3063.0,10.0,287.0,33.0,1.959647836770013,399.0
S0894,4789.0,441.0,2343.0,14.0,178.0,15.0,1.8613553041475126,320.0
S0895,1919.0,162.0,1048.0,3.0,67.0,3.0,1.704624163681465,217.0
S0896,3042.0,298.0,1546.0,3.0,63.0,13.0,1.7812530738283574,271.0
S0897,1266.0,141.0,631.0,2.0,45.0,4.0,1.800383318801663,181.0
S0898,988.0,117.0,430.0,2.0,43.0,3.0,1.878615207437814,188.0
S0899,172.0,21.0,65.0,2.0,14.0,1.0,2.027603739079064,87.0
S0900,2725.0,304.0,1250.0,6.0,119.0,7.0,1.9005709233734407,292.0
S0901,1326.0,52.0,351.0,1.0,9.0,0.0,1.4566862663610576,133.0
S0902,1892.0,247.0,906.0,3.0,67.0,3.0,1.8676929709255674,237.0
S0903,2131.0,263.0,1043.0,4.0,77.0,5.0,1.8320567030619619,238.0
S0904,8593.0,1001.0,3647.0,15.0,254.0,74.0,1.9431857681121412,400.0
S0905,8466.0,995.0,3595.0,14.0,255.0,79.0,1.9486181071730488,397.0
S0906,3461.0,542.0,1580.0,4.0,160.0,9.0,1.829915229414397,274.0
S0907,4957.0,694.0,2143.0,15.0,290.0,38.0,1.9290806432931582,323.0
S0908,1102.0,162.0,422.0,2.0,67.0,5.0,2.0188916586037835,194.0
S0909,523.0,151.0,186.0,1.0,20.0,1.0,1.8745558836813538,118.0
S0910,7.0,1.0,5.0,2.0,0.0,1.0,0.7963116401738131,4.0
S0911,281.0,30.0,108.0,1.0,27.0,4.0,2.037940061085744,97.0
S0912,1859.0,239.0,912.0,3.0,69.0,3.0,1.8315684756870048,229.0
S0913,8919.0,1021.0,3789.0,15.0,263.0,75.0,1.9362659166365404,401.0
S0914,16148.0,2268.0,6658.0,33.0,622.0,195.0,2.013584100355021,546.0
S0915,10464.0,1488.0,4171.0,27.0,564.0,133.0,2.0021561140745825,494.0
S0916,3321.0,503.0,1405.0,7.0,143.0,24.0,1.8778953944796115,291.0
S0917,308.0,56.0,130.0,1.0,19.0,1.0,1.8768491846411448,102.0
S0918,1289.0,173.0,550.0,4.0,148.0,5.0,1.823857494047867,202.0
S0919,792.0,83.0,363.0,4.0,63.0,0.0,1.8064306989141068,157.0
S0920,786.0,83.0,361.0,4.0,63.0,0.0,1.801253135803206,156.0
S0921,416.0,50.0,203.0,4.0,39.0,0.0,1.7152591988187744,123.0
S0922,5425.0,768.0,2360.0,5.0,263.0,28.0,1.964350255885318,351.0
S0923,6141.0,908.0,2690.0,5.0,285.0,29.0,1.9440920724902953,358.0
S0924,1157.0,196.0,513.0,1.0,64.0,2.0,1.818294270767035,178.0
S0925,185.0,29.0,79.0,0.0,6.0,0.0,1.7589946463364392,69.0
S0926,580.0,85.0,230.0,2.0,17.0,2.0,1.9616273802970743,135.0
S0927,9573.0,1306.0,4013.0,30.0,552.0,78.0,1.9570802502965758,446.0
S0928,1310.0,141.0,572.0,5.0,70.0,2.0,1.9487248985186398,192.0
S0929,3.0,0.0,2.0,1.0,0.0,0.0,0.6365141682948128,3.0
S0930,2542.0,284.0,1610.0,2.0,72.0,2.0,1.4422794251172921,200.0
S0931,9918.0,1144.0,4216.0,19.0,330.0,76.0,1.9332367856827863,418.0
S0932,2762.0,288.0,1304.0,4.0,101.0,15.0,1.7793011485691665,227.0
S0933,2560.0,318.0,1269.0,1.0,82.0,15.0,1.7682283252047999,244.0
S0934,2425.0,300.0,1206.0,1.0,77.0,13.0,1.7658901158079356,239.0
S0935,827.0,74.0,411.0,2.0,24.0,0.0,1.7904624893482302,134.0
S0936,4737.0,493.0,2193.0,7.0,261.0,22.0,1.8836022346690255,337.0
S0937,3.0,0.0,2.0,0.0,0.0,0.0,0.6365141682948128,2.0
S0938,1.0,0.0,0.0,0.0,0.0,1.0,-0.0,1.0
S0939,10.0,0.0,9.0,3.0,0.0,1.0,0.3250829733914482,4.0
S0940,29.0,3.0,14.0,0.0,0.0,0.0,1.4928732565025928,16.0
S0941,1158.0,196.0,513.0,1.0,64.0,3.0,1.8189740745735714,178.0
S0942,86.0,5.0,21.0,1.0,1.0,0.0,1.9940920501285575,32.0
S0943,6166.0,910.0,2717.0,5.0,281.0,27.0,1.9331438819374487,351.0
S0944,1131.0,105.0,558.0,1.0,43.0,0.0,1.7624828128396028,179.0
S0945,1131.0,105.0,558.0,1.0,43.0,0.0,1.7624828128396028,179.0
S0946,3007.0,315.0,1295.0,7.0,102.0,45.0,1.9374657883610933,299.0
S0947,12142.0,1485.0,5420.0,13.0,456.0,75.0,1.9040450892510663,453.0
S0948,1783.0,215.0,584.0,1.0,60.0,4.0,1.674354661794558,190.0
S0949,1348.0,63.0,416.0,0.0,17.0,1.0,1.3461380982237297,141.0
S0950,309.0,51.0,99.0,1.0,8.0,0.0,1.8460087028206487,94.0
S0951,308.0,50.0,99.0,1.0,8.0,0.0,1.8461263791025044,94.0
S0952,219.0,34.0,74.0,1.0,5.0,0.0,2.0687750565520044,80.0
S0953,2709.0,379.0,1173.0,3.0,121.0,9.0,1.9341200534102114,287.0
S0954,1893.0,266.0,901.0,1.0,51.0,3.0,1.8034777669471533,197.0
S0955,4545.0,582.0,1825.0,15.0,233.0,33.0,1.9944743605512838,345.0
S0956,206.0,19.0,101.0,0.0,2.0,0.0,1.7812900848063948,71.0
S0957,3505.0,361.0,1666.0,5.0,257.0,4.0,1.8568949287943737,264.0
S0958,5741.0,476.0,2722.0,5.0,411.0,17.0,1.8898804752978953,342.0
S0959,2928.0,262.0,994.0,2.0,89.0,4.0,1.9280675419397204,247.0
S0960,76.0,7.0,42.0,0.0,1.0,0.0,1.5156607041501104,32.0
S0961,496.0,56.0,190.0,1.0,21.0,0.0,1.8635075476371807,117.0
S0962,572.0,49.0,192.0,1.0,10.0,1.0,1.682596629086112,111.0
S0963,4746.0,493.0,2209.0,6.0,258.0,21.0,1.877669049053363,337.0
S0964,537.0,32.0,233.0,1.0,29.0,1.0,1.8471631552503982,104.0
S0965,235.0,18.0,82.0,2.0,16.0,0.0,1.744033099823574,61.0
S0966,7155.0,867.0,2832.0,15.0,414.0,49.0,2.0165780801144226,383.0
S0967,11714.0,1371.0,4579.0,20.0,748.0,63.0,2.0063511303582833,435.0
S0968,24755.0,3019.0,9436.0,32.0,1233.0,220.0,2.0539594841499933,558.0
S0969,7040.0,742.0,3383.0,13.0,263.0,50.0,1.8691496010206772,387.0
S0970,8131.0,870.0,3870.0,18.0,339.0,61.0,1.8670524534209691,407.0
S0971,1311.0,161.0,594.0,1.0,36.0,3.0,1.789065996270432,171.0
S0972,880.0,77.0,439.0,1.0,51.0,5.0,1.7420195652449504,164.0
S0973,221.0,27.0,79.0,2.0,15.0,1.0,2.0389890093820426,101.0
S0974,13.0,1.0,5.0,2.0,3.0,1.0,1.5857708352080968,9.0
S0975,177.0,18.0,79.0,1.0,2.0,1.0,2.0074179980781865,78.0
S0976,3133.0,269.0,1137.0,1.0,84.0,4.0,1.9048373824922016,249.0
S0977,2930.0,314.0,1316.0,3.0,103.0,15.0,1.9588695717872013,284.0
S0978,974.0,120.0,468.0,5.0,54.0,1.0,1.8306202556967253,187.0
S0979,530.0,48.0,255.0,1.0,25.0,2.0,1.7979714760513807,112.0
S0980,15686.0,1985.0,7236.0,21.0,758.0,77.0,1.828644063337662,482.0
S0981,8934.0,992.0,4187.0,19.0,394.0,60.0,1.8819865131890612,429.0
S0982,5113.0,489.0,2451.0,15.0,215.0,21.0,1.8798503983824253,332.0
S0983,7167.0,770.0,3401.0,9.0,364.0,21.0,1.8706960754805544,361.0
S0984,3441.0,363.0,1578.0,5.0,238.0,4.0,1.8837169800222155,251.0
S0985,4501.0,403.0,2392.0,5.0,239.0,4.0,1.7222256399488212,262.0
S0986,5273.0,507.0,2502.0,11.0,315.0,18.0,1.8700816211304132,336.0
S0987,868.0,79.0,388.0,2.0,39.0,2.0,1.869103590518133,147.0
S0988,2226.0,208.0,962.0,6.0,75.0,39.0,1.9408884664413697,256.0
S0989,4134.0,469.0,1673.0,8.0,194.0,55.0,1.9821289752086084,341.0
S0990,15328.0,1776.0,6351.0,16.0,631.0,124.0,2.0021613581412816,498.0
S0991,582.0,55.0,268.0,1.0,32.0,2.0,1.8337380523258433,116.0
S0992,527.0,48.0,254.0,1.0,24.0,1.0,1.7975544276137754,112.0
S0993,4965.0,889.0,2160.0,7.0,178.0,19.0,1.8687832152286346,305.0
S0994,16612.0,3087.0,7048.0,29.0,575.0,151.0,1.91474487853453,532.0
S0995,5194.0,946.0,2157.0,15.0,223.0,47.0,1.9173435791880165,369.0
S0996,9374.0,1622.0,3285.0,29.0,411.0,101.0,2.108691430633515,480.0
S0997,5775.0,478.0,2729.0,5.0,411.0,16.0,1.89428143083136,341.0
S0998,1784.0,173.0,895.0,6.0,91.0,2.0,1.7597931118879817,202.0
S0999,1131.0,105.0,558.0,1.0,43.0,0.0,1.7624828128396028,179.0
S1000,973.0,120.0,468.0,5.0,54.0,1.0,1.8267138456795877,187.0
S1001,944.0,120.0,505.0,2.0,21.0,3.0,1.6616207103366394,139.0
S1002,5061.0,907.0,2195.0,7.0,179.0,19.0,1.8719428607197834,308.0
S1003,12160.0,1644.0,5188.0,27.0,541.0,227.0,1.9662008657805523,518.0
S1004,38361.0,4954.0,17581.0,72.0,1657.0,551.0,1.9228849409479523,677.0
S1005,33926.0,4608.0,16014.0,53.0,1526.0,330.0,1.8310601601123122,605.0
S1006,23864.0,3261.0,10683.0,40.0,1121.0,236.0,1.870894377030089,549.0
S1007,5209.0,499.0,2542.0,15.0,194.0,17.0,1.8609269380865545,324.0
S1008,5113.0,495.0,2502.0,14.0,186.0,15.0,1.8545207203947096,323.0
S1009,5753.0,478.0,2732.0,5.0,407.0,17.0,1.8895813926577056,342.0
S1010,27725.0,4231.0,9455.0,81.0,1053.0,436.0,2.1869403229581574,653.0
S1011,15030.0,2453.0,5898.0,31.0,564.0,157.0,2.0403300054002247,554.0
S1012,6864.0,804.0,3010.0,10.0,323.0,52.0,1.9401627890618305,422.0
S1013,1295.0,110.0,683.0,3.0,41.0,15.0,1.768994212953045,200.0
S1014,8808.0,1174.0,4081.0,16.0,332.0,32.0,1.876621413397388,399.0
S1015,633.0,125.0,261.0,1.0,13.0,1.0,1.9114759385835467,128.0
S1016,4996.0,792.0,2107.0,4.0,206.0,24.0,1.9808649702731032,343.0
S1017,5487.0,861.0,2316.0,3.0,232.0,28.0,1.978416622711134,347.0
S1018,854.0,140.0,382.0,2.0,41.0,2.0,1.9031392321360159,162.0
S1019,2612.0,365.0,1183.0,3.0,110.0,10.0,1.9249382667490471,267.0
S1020,230.0,24.0,99.0,1.0,3.0,1.0,1.8422410998316325,79.0
S1021,267.0,3.0,46.0,0.0,0.0,0.0,1.0088127063591938,34.0
S1022,6475.0,820.0,2895.0,8.0,246.0,30.0,1.9458319951022198,383.0
S1023,1011.0,165.0,441.0,1.0,39.0,4.0,1.9648813611848361,186.0
S1024,2289.0,267.0,1176.0,2.0,63.0,3.0,1.72366215683546,230.0
S1025,688.0,75.0,263.0,1.0,4.0,1.0,1.8514126320949322,122.0
S1026,5481.0,853.0,2230.0,14.0,306.0,34.0,1.9680093726347403,360.0
S1027,577.0,55.0,266.0,1.0,32.0,2.0,1.8353838585201785,116.0
S1028,22925.0,3360.0,9112.0,48.0,1009.0,178.0,2.034551185446949,599.0
S1029,38323.0,5383.0,14134.0,93.0,1527.0,624.0,2.1415415619081943,693.0
S1030,1302.0,120.0,649.0,1.0,49.0,0.0,1.747732102725793,190.0
S1031,80.0,5.0,47.0,0.0,2.0,0.0,1.5830996670519286,39.0
S1032,3770.0,364.0,1787.0,5.0,240.0,4.0,1.8561774033943153,254.0
S1033,526.0,61.0,240.0,2.0,13.0,1.0,1.9103159184249014,140.0
S1034,675.0,95.0,290.0,1.0,22.0,4.0,2.0433408542707934,157.0
S1035,622.0,87.0,269.0,1.0,31.0,1.0,1.8957050369877935,151.0
S1036,2445.0,334.0,1125.0,1.0,81.0,7.0,1.9115082294747638,259.0
S1037,5455.0,877.0,2286.0,3.0,238.0,29.0,1.981141314007825,347.0
S1038,353.0,31.0,96.0,0.0,4.0,0.0,1.914956947935906,75.0
S1039,5.0,0.0,0.0,0.0,0.0,0.0,-0.0,2.0
S1040,3077.0,336.0,1439.0,9.0,74.0,16.0,1.7521609905502809,260.0
S1041,4679.0,544.0,2269.0,9.0,195.0,49.0,1.8479864923744838,362.0
S1042,3520.0,414.0,1625.0,5.0,160.0,7.0,1.9291227690723607,307.0
S1043,1172.0,166.0,544.0,3.0,35.0,2.0,1.9099946114874904,217.0
S1044,5235.0,650.0,2821.0,5.0,204.0,12.0,1.7065735457176276,335.0
S1045,932.0,151.0,419.0,1.0,27.0,3.0,1.7814580632493289,146.0
S1046,95.0,8.0,42.0,0.0,2.0,0.0,1.840626962834559,44.0
S1047,92.0,11.0,38.0,0.0,4.0,1.0,1.9904566113938909,50.0
S1048,717.0,62.0,341.0,1.0,29.0,2.0,1.7280945483244916,123.0
S1049,1442.0,170.0,697.0,3.0,55.0,8.0,1.742851284961433,168.0
S1050,4713.0,475.0,2227.0,11.0,279.0,17.0,1.8846551500292739,329.0
S1051,2090.0,174.0,1099.0,5.0,105.0,3.0,1.728039648311429,206.0
S1052,1130.0,121.0,544.0,1.0,55.0,0.0,1.7532243499239093,178.0
S1053,611.0,71.0,327.0,1.0,23.0,1.0,1.6842021836681274,123.0
S1054,1792.0,167.0,893.0,6.0,106.0,2.0,1.773384966739723,196.0
S1055,5440.0,654.0,2485.0,4.0,245.0,18.0,1.9421721658301476,359.0
S1056,15986.0,2306.0,6839.0,33.0,666.0,154.0,1.9547161202728516,520.0
S1057,7484.0,1016.0,3489.0,12.0,237.0,26.0,1.8675389406864162,373.0
S1058,8081.0,991.0,3628.0,18.0,295.0,153.0,1.9513009459411552,458.0
S1059,8049.0,943.0,3452.0,9.0,298.0,22.0,1.8694271052066127,379.0
S1060,9084.0,1066.0,3479.0,8.0,326.0,77.0,2.0947098943550446,428.0
S1061,93.0,12.0,42.0,0.0,1.0,0.0,1.7506085636237336,35.0
S1062,400.0,57.0,173.0,0.0,18.0,1.0,1.9633952564144672,115.0
S1063,252.0,43.0,109.0,1.0,7.0,2.0,1.9371704295015482,92.0
S1064,1019.0,152.0,456.0,1.0,50.0,0.0,1.9071372828239301,201.0
S1065,20479.0,2354.0,8786.0,19.0,893.0,134.0,1.9378656153003013,517.0
S1066,1294.0,128.0,576.0,3.0,32.0,5.0,1.7204150859794471,161.0
S1067,1884.0,224.0,864.0,1.0,51.0,2.0,1.6990862119631809,185.0
S1068,1011.0,165.0,441.0,1.0,39.0,4.0,1.9648813611848361,186.0
S1069,122.0,13.0,60.0,1.0,4.0,0.0,1.735860308176837,48.0
S1070,643.0,108.0,260.0,1.0,33.0,2.0,1.9815942991751205,154.0
S1071,45.0,3.0,14.0,0.0,1.0,0.0,1.957132186509463,28.0
S1072,1740.0,252.0,825.0,1.0,49.0,2.0,1.810475076332243,194.0
S1073,1855.0,221.0,814.0,4.0,102.0,5.0,1.9780741549011371,270.0
S1074,2636.0,303.0,1281.0,4.0,94.0,7.0,1.893750169135324,267.0
