ctn_id,allsky_sfc_sw_dwn_mean,prectotcorr_mean,t2m_mean,t2m_max_mean,ws10m_mean,allsky_sfc_sw_dwn_std,prectotcorr_std,t2m_std,t2m_max_std,ws10m_std,allsky_sfc_sw_dwn_p10,prectotcorr_p10,t2m_p10,t2m_max_p10,ws10m_p10,allsky_sfc_sw_dwn_p90,prectotcorr_p90,t2m_p90,t2m_max_p90,ws10m_p90,allsky_sfc_sw_dwn_seasonal_amplitude,prectotcorr_seasonal_amplitude,t2m_seasonal_amplitude,t2m_max_seasonal_amplitude,ws10m_seasonal_amplitude,allsky_sfc_sw_dwn_min_month,prectotcorr_min_month,t2m_min_month,t2m_max_min_month,ws10m_min_month,allsky_sfc_sw_dwn_missing_pct,prectotcorr_missing_pct,t2m_missing_pct,t2m_max_missing_pct,ws10m_missing_pct
CTN_000,5.539947499999999,2.165166666666667,14.43975,25.465,1.884083333333333,0.7447629756571307,2.1474013935680585,2.265251748303768,2.8625266502740914,0.2897825781116436,4.6852599999999995,0.119,11.318,22.136,1.53,6.63251,5.259000000000002,17.036000000000005,29.601000000000003,2.26,1.8665400000000005,5.106999999999999,6.838999999999997,7.350000000000001,0.583,12,12,1,12,7,0.0,0.0,0.0,0.0,0.0
CTN_001,5.539947499999999,2.504916666666667,18.08575,28.60758333333333,1.9055833333333334,0.7447629756571307,2.6355006846031017,2.096486321195057,2.9627258615694303,0.2973547123049709,4.6852599999999995,0.079,15.603,25.427,1.54,6.63251,6.454000000000001,20.811000000000003,32.772000000000006,2.322,1.8665400000000005,6.281999999999999,6.352000000000002,7.376000000000001,0.752,12,12,1,9,8,0.0,0.0,0.0,0.0,0.0
CTN_002,5.539947499999999,2.504916666666667,18.08575,28.60758333333333,1.9055833333333334,0.7447629756571307,2.6355006846031017,2.096486321195057,2.9627258615694303,0.2973547123049709,4.6852599999999995,0.079,15.603,25.427,1.54,6.63251,6.454000000000001,20.811000000000003,32.772000000000006,2.322,1.8665400000000005,6.281999999999999,6.352000000000002,7.376000000000001,0.752,12,12,1,9,8,0.0,0.0,0.0,0.0,0.0
CTN_003,5.539947499999999,2.504916666666667,18.08575,28.60758333333333,1.9055833333333334,0.7447629756571307,2.6355006846031017,2.096486321195057,2.9627258615694303,0.2973547123049709,4.6852599999999995,0.079,15.603,25.427,1.54,6.63251,6.454000000000001,20.811000000000003,32.772000000000006,2.322,1.8665400000000005,6.281999999999999,6.352000000000002,7.376000000000001,0.752,12,12,1,9,8,0.0,0.0,0.0,0.0,0.0
CTN_004,5.539947499999999,2.504916666666667,18.08575,28.60758333333333,1.9055833333333334,0.7447629756571307,2.6355006846031017,2.096486321195057,2.9627258615694303,0.2973547123049709,4.6852599999999995,0.079,15.603,25.427,1.54,6.63251,6.454000000000001,20.811000000000003,32.772000000000006,2.322,1.8665400000000005,6.281999999999999,6.352000000000002,7.376000000000001,0.752,12,12,1,9,8,0.0,0.0,0.0,0.0,0.0
CTN_005,5.539947499999999,2.504916666666667,18.08575,28.60758333333333,1.9055833333333334,0.7447629756571307,2.6355006846031017,2.096486321195057,2.9627258615694303,0.2973547123049709,4.6852599999999995,0.079,15.603,25.427,1.54,6.63251,6.454000000000001,20.811000000000003,32.772000000000006,2.322,1.8665400000000005,6.281999999999999,6.352000000000002,7.376000000000001,0.752,12,12,1,9,8,0.0,0.0,0.0,0.0,0.0
CTN_006,5.539947499999999,2.504916666666667,18.08575,28.60758333333333,1.9055833333333334,0.7447629756571307,2.6355006846031017,2.096486321195057,2.9627258615694303,0.2973547123049709,4.6852599999999995,0.079,15.603,25.427,1.54,6.63251,6.454000000000001,20.811000000000003,32.772000000000006,2.322,1.8665400000000005,6.281999999999999,6.352000000000002,7.376000000000001,0.752,12,12,1,9,8,0.0,0.0,0.0,0.0,0.0
CTN_007,5.539947499999999,2.504916666666667,18.08575,28.60758333333333,1.9055833333333334,0.7447629756571307,2.6355006846031017,2.096486321195057,2.9627258615694303,0.2973547123049709,4.6852599999999995,0.079,15.603,25.427,1.54,6.63251,6.454000000000001,20.811000000000003,32.772000000000006,2.322,1.8665400000000005,6.281999999999999,6.352000000000002,7.376000000000001,0.752,12,12,1,9,8,0.0,0.0,0.0,0.0,0.0
CTN_008,5.9687,2.504916666666667,18.08575,28.60758333333333,1.9055833333333334,0.7676433462610247,2.6355006846031017,2.096486321195057,2.9627258615694303,0.2973547123049709,4.98873,0.079,15.603,25.427,1.54,7.01062,6.454000000000001,20.811000000000003,32.772000000000006,2.322,2.2429500000000004,6.281999999999999,6.352000000000002,7.376000000000001,0.752,12,12,1,9,8,0.0,0.0,0.0,0.0,0.0
CTN_009,5.9687,2.504916666666667,18.08575,28.60758333333333,1.9055833333333334,0.7676433462610247,2.6355006846031017,2.096486321195057,2.9627258615694303,0.2973547123049709,4.98873,0.079,15.603,25.427,1.54,7.01062,6.454000000000001,20.811000000000003,32.772000000000006,2.322,2.2429500000000004,6.281999999999999,6.352000000000002,7.376000000000001,0.752,12,12,1,9,8,0.0,0.0,0.0,0.0,0.0
CTN_010,5.9687,2.504916666666667,18.08575,28.60758333333333,1.9055833333333334,0.7676433462610247,2.6355006846031017,2.096486321195057,2.9627258615694303,0.2973547123049709,4.98873,0.079,15.603,25.427,1.54,7.01062,6.454000000000001,20.811000000000003,32.772000000000006,2.322,2.2429500000000004,6.281999999999999,6.352000000000002,7.376000000000001,0.752,12,12,1,9,8,0.0,0.0,0.0,0.0,0.0
CTN_011,5.9687,2.504916666666667,18.08575,28.60758333333333,1.9055833333333334,0.7676433462610247,2.6355006846031017,2.096486321195057,2.9627258615694303,0.2973547123049709,4.98873,0.079,15.603,25.427,1.54,7.01062,6.454000000000001,20.811000000000003,32.772000000000006,2.322,2.2429500000000004,6.281999999999999,6.352000000000002,7.376000000000001,0.752,12,12,1,9,8,0.0,0.0,0.0,0.0,0.0
CTN_012,5.9687,2.504916666666667,18.08575,28.60758333333333,1.9055833333333334,0.7676433462610247,2.6355006846031017,2.096486321195057,2.9627258615694303,0.2973547123049709,4.98873,0.079,15.603,25.427,1.54,7.01062,6.454000000000001,20.811000000000003,32.772000000000006,2.322,2.2429500000000004,6.281999999999999,6.352000000000002,7.376000000000001,0.752,12,12,1,9,8,0.0,0.0,0.0,0.0,0.0
CTN_013,5.9687,2.6145,22.450249999999997,32.3785,2.0364166666666668,0.7676433462610247,2.8859435781273435,2.220664773849292,3.3329497496382157,0.31039902709642786,4.98873,0.04,19.878,28.455000000000002,1.65,7.01062,6.903000000000002,25.969,37.283,2.442,2.2429500000000004,6.947,6.235999999999997,8.855999999999998,0.7699999999999998,12,12,12,9,9,0.0,0.0,0.0,0.0,0.0
CTN_014,5.9687,2.6145,22.450249999999997,32.3785,2.0364166666666668,0.7676433462610247,2.8859435781273435,2.220664773849292,3.3329497496382157,0.31039902709642786,4.98873,0.04,19.878,28.455000000000002,1.65,7.01062,6.903000000000002,25.969,37.283,2.442,2.2429500000000004,6.947,6.235999999999997,8.855999999999998,0.7699999999999998,12,12,12,9,9,0.0,0.0,0.0,0.0,0.0
CTN_015,5.9687,2.6145,22.450249999999997,32.3785,2.0364166666666668,0.7676433462610247,2.8859435781273435,2.220664773849292,3.3329497496382157,0.31039902709642786,4.98873,0.04,19.878,28.455000000000002,1.65,7.01062,6.903000000000002,25.969,37.283,2.442,2.2429500000000004,6.947,6.235999999999997,8.855999999999998,0.7699999999999998,12,12,12,9,9,0.0,0.0,0.0,0.0,0.0
CTN_016,5.9687,2.6145,22.450249999999997,32.3785,2.0364166666666668,0.7676433462610247,2.8859435781273435,2.220664773849292,3.3329497496382157,0.31039902709642786,4.98873,0.04,19.878,28.455000000000002,1.65,7.01062,6.903000000000002,25.969,37.283,2.442,2.2429500000000004,6.947,6.235999999999997,8.855999999999998,0.7699999999999998,12,12,12,9,9,0.0,0.0,0.0,0.0,0.0
CTN_017,5.9687,2.6145,22.450249999999997,32.3785,2.0364166666666668,0.7676433462610247,2.8859435781273435,2.220664773849292,3.3329497496382157,0.31039902709642786,4.98873,0.04,19.878,28.455000000000002,1.65,7.01062,6.903000000000002,25.969,37.283,2.442,2.2429500000000004,6.947,6.235999999999997,8.855999999999998,0.7699999999999998,12,12,12,9,9,0.0,0.0,0.0,0.0,0.0
CTN_018,5.9687,2.6145,22.450249999999997,32.3785,2.0364166666666668,0.7676433462610247,2.8859435781273435,2.220664773849292,3.3329497496382157,0.31039902709642786,4.98873,0.04,19.878,28.455000000000002,1.65,7.01062,6.903000000000002,25.969,37.283,2.442,2.2429500000000004,6.947,6.235999999999997,8.855999999999998,0.7699999999999998,12,12,12,9,9,0.0,0.0,0.0,0.0,0.0
CTN_019,5.9687,2.6145,22.450249999999997,32.3785,2.0364166666666668,0.7676433462610247,2.8859435781273435,2.220664773849292,3.3329497496382157,0.31039902709642786,4.98873,0.04,19.878,28.455000000000002,1.65,7.01062,6.903000000000002,25.969,37.283,2.442,2.2429500000000004,6.947,6.235999999999997,8.855999999999998,0.7699999999999998,12,12,12,9,9,0.0,0.0,0.0,0.0,0.0
CTN_020,5.9687,2.6145,22.450249999999997,32.3785,2.0364166666666668,0.7676433462610247,2.8859435781273435,2.220664773849292,3.3329497496382157,0.31039902709642786,4.98873,0.04,19.878,28.455000000000002,1.65,7.01062,6.903000000000002,25.969,37.283,2.442,2.2429500000000004,6.947,6.235999999999997,8.855999999999998,0.7699999999999998,12,12,12,9,9,0.0,0.0,0.0,0.0,0.0
CTN_021,5.9687,2.6145,22.450249999999997,32.3785,2.0364166666666668,0.7676433462610247,2.8859435781273435,2.220664773849292,3.3329497496382157,0.31039902709642786,4.98873,0.04,19.878,28.455000000000002,1.65,7.01062,6.903000000000002,25.969,37.283,2.442,2.2429500000000004,6.947,6.235999999999997,8.855999999999998,0.7699999999999998,12,12,12,9,9,0.0,0.0,0.0,0.0,0.0
CTN_022,5.9687,2.600916666666667,22.51758333333333,32.531083333333335,1.9939999999999998,0.7676433462610247,2.9462387347383836,2.135284601436458,3.4028425576257266,0.32210025058756386,4.98873,0.02,20.11,28.747,1.5890000000000002,7.01062,7.167000000000001,25.849,37.748000000000005,2.43,2.2429500000000004,7.485,6.122,9.003,0.8509999999999998,12,12,12,9,9,0.0,0.0,0.0,0.0,0.0
CTN_023,5.9687,2.600916666666667,22.51758333333333,32.531083333333335,1.9939999999999998,0.7676433462610247,2.9462387347383836,2.135284601436458,3.4028425576257266,0.32210025058756386,4.98873,0.02,20.11,28.747,1.5890000000000002,7.01062,7.167000000000001,25.849,37.748000000000005,2.43,2.2429500000000004,7.485,6.122,9.003,0.8509999999999998,12,12,12,9,9,0.0,0.0,0.0,0.0,0.0
CTN_024,5.9687,2.600916666666667,22.51758333333333,32.531083333333335,1.9939999999999998,0.7676433462610247,2.9462387347383836,2.135284601436458,3.4028425576257266,0.32210025058756386,4.98873,0.02,20.11,28.747,1.5890000000000002,7.01062,7.167000000000001,25.849,37.748000000000005,2.43,2.2429500000000004,7.485,6.122,9.003,0.8509999999999998,12,12,12,9,9,0.0,0.0,0.0,0.0,0.0
CTN_025,5.9687,2.600916666666667,22.51758333333333,32.531083333333335,1.9939999999999998,0.7676433462610247,2.9462387347383836,2.135284601436458,3.4028425576257266,0.32210025058756386,4.98873,0.02,20.11,28.747,1.5890000000000002,7.01062,7.167000000000001,25.849,37.748000000000005,2.43,2.2429500000000004,7.485,6.122,9.003,0.8509999999999998,12,12,12,9,9,0.0,0.0,0.0,0.0,0.0
CTN_026,5.8184691666666675,2.600916666666667,22.51758333333333,32.531083333333335,1.9939999999999998,0.756473187003189,2.9462387347383836,2.135284601436458,3.4028425576257266,0.32210025058756386,4.92277,0.02,20.11,28.747,1.5890000000000002,6.91117,7.167000000000001,25.849,37.748000000000005,2.43,2.20502,7.485,6.122,9.003,0.8509999999999998,12,12,12,9,9,0.0,0.0,0.0,0.0,0.0
CTN_027,5.8184691666666675,2.600916666666667,22.51758333333333,32.531083333333335,1.9939999999999998,0.756473187003189,2.9462387347383836,2.135284601436458,3.4028425576257266,0.32210025058756386,4.92277,0.02,20.11,28.747,1.5890000000000002,6.91117,7.167000000000001,25.849,37.748000000000005,2.43,2.20502,7.485,6.122,9.003,0.8509999999999998,12,12,12,9,9,0.0,0.0,0.0,0.0,0.0
CTN_028,5.8184691666666675,2.600916666666667,22.51758333333333,32.531083333333335,1.9939999999999998,0.756473187003189,2.9462387347383836,2.135284601436458,3.4028425576257266,0.32210025058756386,4.92277,0.02,20.11,28.747,1.5890000000000002,6.91117,7.167000000000001,25.849,37.748000000000005,2.43,2.20502,7.485,6.122,9.003,0.8509999999999998,12,12,12,9,9,0.0,0.0,0.0,0.0,0.0
CTN_029,5.8184691666666675,2.600916666666667,22.51758333333333,32.531083333333335,1.9939999999999998,0.756473187003189,2.9462387347383836,2.135284601436458,3.4028425576257266,0.32210025058756386,4.92277,0.02,20.11,28.747,1.5890000000000002,6.91117,7.167000000000001,25.849,37.748000000000005,2.43,2.20502,7.485,6.122,9.003,0.8509999999999998,12,12,12,9,9,0.0,0.0,0.0,0.0,0.0
CTN_030,5.8184691666666675,2.7813333333333334,22.12183333333333,32.05233333333334,2.135583333333334,0.756473187003189,3.2920471864587766,1.6752278075780958,3.1622002587107727,0.39852626798557433,4.92277,0.01,20.085,28.451,1.64,6.91117,7.439,24.525,36.674,2.6840000000000006,2.20502,8.799,5.007999999999999,8.175999999999998,1.102,12,12,12,10,9,0.0,0.0,0.0,0.0,0.0
CTN_031,5.8184691666666675,2.7813333333333334,22.12183333333333,32.05233333333334,2.135583333333334,0.756473187003189,3.2920471864587766,1.6752278075780958,3.1622002587107727,0.39852626798557433,4.92277,0.01,20.085,28.451,1.64,6.91117,7.439,24.525,36.674,2.6840000000000006,2.20502,8.799,5.007999999999999,8.175999999999998,1.102,12,12,12,10,9,0.0,0.0,0.0,0.0,0.0
CTN_032,5.8184691666666675,2.7813333333333334,22.12183333333333,32.05233333333334,2.135583333333334,0.756473187003189,3.2920471864587766,1.6752278075780958,3.1622002587107727,0.39852626798557433,4.92277,0.01,20.085,28.451,1.64,6.91117,7.439,24.525,36.674,2.6840000000000006,2.20502,8.799,5.007999999999999,8.175999999999998,1.102,12,12,12,10,9,0.0,0.0,0.0,0.0,0.0
CTN_033,5.8184691666666675,2.7813333333333334,22.12183333333333,32.05233333333334,2.135583333333334,0.756473187003189,3.2920471864587766,1.6752278075780958,3.1622002587107727,0.39852626798557433,4.92277,0.01,20.085,28.451,1.64,6.91117,7.439,24.525,36.674,2.6840000000000006,2.20502,8.799,5.007999999999999,8.175999999999998,1.102,12,12,12,10,9,0.0,0.0,0.0,0.0,0.0
CTN_034,5.8184691666666675,2.7813333333333334,22.12183333333333,32.05233333333334,2.135583333333334,0.756473187003189,3.2920471864587766,1.6752278075780958,3.1622002587107727,0.39852626798557433,4.92277,0.01,20.085,28.451,1.64,6.91117,7.439,24.525,36.674,2.6840000000000006,2.20502,8.799,5.007999999999999,8.175999999999998,1.102,12,12,12,10,9,0.0,0.0,0.0,0.0,0.0
CTN_035,5.8184691666666675,2.7813333333333334,22.12183333333333,32.05233333333334,2.135583333333334,0.756473187003189,3.2920471864587766,1.6752278075780958,3.1622002587107727,0.39852626798557433,4.92277,0.01,20.085,28.451,1.64,6.91117,7.439,24.525,36.674,2.6840000000000006,2.20502,8.799,5.007999999999999,8.175999999999998,1.102,12,12,12,10,9,0.0,0.0,0.0,0.0,0.0
CTN_036,5.8184691666666675,2.7813333333333334,22.12183333333333,32.05233333333334,2.135583333333334,0.756473187003189,3.2920471864587766,1.6752278075780958,3.1622002587107727,0.39852626798557433,4.92277,0.01,20.085,28.451,1.64,6.91117,7.439,24.525,36.674,2.6840000000000006,2.20502,8.799,5.007999999999999,8.175999999999998,1.102,12,12,12,10,9,0.0,0.0,0.0,0.0,0.0
CTN_037,5.8184691666666675,3.423333333333333,24.964666666666666,33.01875,2.4798333333333336,0.756473187003189,4.232617112266077,1.074566110078841,2.3675692468554033,0.3061799968583684,4.92277,0.01,23.86,30.133,2.109,6.91117,10.023000000000003,26.497999999999998,35.823,2.891,2.20502,11.290000000000001,3.166999999999998,5.943000000000001,0.7119999999999997,12,1,12,9,12,0.0,0.0,0.0,0.0,0.0
CTN_038,5.8184691666666675,3.423333333333333,24.964666666666666,33.01875,2.4798333333333336,0.756473187003189,4.232617112266077,1.074566110078841,2.3675692468554033,0.3061799968583684,4.92277,0.01,23.86,30.133,2.109,6.91117,10.023000000000003,26.497999999999998,35.823,2.891,2.20502,11.290000000000001,3.166999999999998,5.943000000000001,0.7119999999999997,12,1,12,9,12,0.0,0.0,0.0,0.0,0.0
CTN_039,5.8184691666666675,3.423333333333333,24.964666666666666,33.01875,2.4798333333333336,0.756473187003189,4.232617112266077,1.074566110078841,2.3675692468554033,0.3061799968583684,4.92277,0.01,23.86,30.133,2.109,6.91117,10.023000000000003,26.497999999999998,35.823,2.891,2.20502,11.290000000000001,3.166999999999998,5.943000000000001,0.7119999999999997,12,1,12,9,12,0.0,0.0,0.0,0.0,0.0
CTN_040,5.8184691666666675,3.423333333333333,24.964666666666666,33.01875,2.4798333333333336,0.756473187003189,4.232617112266077,1.074566110078841,2.3675692468554033,0.3061799968583684,4.92277,0.01,23.86,30.133,2.109,6.91117,10.023000000000003,26.497999999999998,35.823,2.891,2.20502,11.290000000000001,3.166999999999998,5.943000000000001,0.7119999999999997,12,1,12,9,12,0.0,0.0,0.0,0.0,0.0
CTN_041,5.963677499999999,3.9465833333333338,25.947499999999998,32.471500000000006,2.6496666666666666,0.7040065529754342,5.0066816692830605,0.8006722490633532,1.7096786518047695,0.3139847808047881,5.1084,0.01,25.057,30.384,2.248,6.96713,11.581000000000012,26.964000000000002,34.76,3.041,2.02119,12.594000000000001,2.1650000000000027,4.555000000000003,0.8239999999999998,12,2,12,9,12,0.0,0.0,0.0,0.0,0.0
CTN_042,5.963677499999999,3.9465833333333338,25.947499999999998,32.471500000000006,2.6496666666666666,0.7040065529754342,5.0066816692830605,0.8006722490633532,1.7096786518047695,0.3139847808047881,5.1084,0.01,25.057,30.384,2.248,6.96713,11.581000000000012,26.964000000000002,34.76,3.041,2.02119,12.594000000000001,2.1650000000000027,4.555000000000003,0.8239999999999998,12,2,12,9,12,0.0,0.0,0.0,0.0,0.0
CTN_043,5.963677499999999,3.9465833333333338,25.947499999999998,32.471500000000006,2.6496666666666666,0.7040065529754342,5.0066816692830605,0.8006722490633532,1.7096786518047695,0.3139847808047881,5.1084,0.01,25.057,30.384,2.248,6.96713,11.581000000000012,26.964000000000002,34.76,3.041,2.02119,12.594000000000001,2.1650000000000027,4.555000000000003,0.8239999999999998,12,2,12,9,12,0.0,0.0,0.0,0.0,0.0
CTN_044,5.963677499999999,3.9465833333333338,25.947499999999998,32.471500000000006,2.6496666666666666,0.7040065529754342,5.0066816692830605,0.8006722490633532,1.7096786518047695,0.3139847808047881,5.1084,0.01,25.057,30.384,2.248,6.96713,11.581000000000012,26.964000000000002,34.76,3.041,2.02119,12.594000000000001,2.1650000000000027,4.555000000000003,0.8239999999999998,12,2,12,9,12,0.0,0.0,0.0,0.0,0.0
CTN_045,5.963677499999999,3.9465833333333338,25.947499999999998,32.471500000000006,2.6496666666666666,0.7040065529754342,5.0066816692830605,0.8006722490633532,1.7096786518047695,0.3139847808047881,5.1084,0.01,25.057,30.384,2.248,6.96713,11.581000000000012,26.964000000000002,34.76,3.041,2.02119,12.594000000000001,2.1650000000000027,4.555000000000003,0.8239999999999998,12,2,12,9,12,0.0,0.0,0.0,0.0,0.0
