feature_name,definition,unit,class,source,source_version,source_period,spatial_resolution,extraction_date,transformation,uncertainty,leakage_risk,PTRF_domain,allowed_as_target
chainage_km,Distancia acumulada sobre la red desde el origen,km,D,INEGI RNC,2025,2025,tramo vial,2026-10-04T14:25:51,Ruta más corta ponderada por atributo de ruta; line.project,Depende de la definición de origen y del campo de ruta,bajo,movilidad,no
ctn_type,Nominal cada 10 km o punto estratégico (plaza de cobro),categoría,D,INEGI RNC,2025,2025,punto,2026-10-04T14:25:51,Regla de muestreo; no es indicador de idoneidad,n/a,medio si se usa como variable explicativa,movilidad,no
n_intersections_1km,Nodos de grado>=3 de la RNC a <=1 km,conteo,P,INEGI RNC,2025,2025,buffer 1 km,2026-10-04T14:26:20,Grado de nodos por extremos de tramo,Proxy de entronques; urbano infla,bajo,movilidad,no
road_tipo_vial,Atributo 'TIPO_VIAL' del tramo RNC más cercano,según diccionario RNC,O,INEGI RNC,2025,2025,tramo vial,2026-10-04T14:26:20,sjoin_nearest,Asignación al tramo más cercano,bajo,movilidad,no
road_cond_pav,Atributo 'COND_PAV' del tramo RNC más cercano,según diccionario RNC,O,INEGI RNC,2025,2025,tramo vial,2026-10-04T14:26:20,sjoin_nearest,Asignación al tramo más cercano,bajo,movilidad,no
road_recubri,Atributo 'RECUBRI' del tramo RNC más cercano,según diccionario RNC,O,INEGI RNC,2025,2025,tramo vial,2026-10-04T14:26:20,sjoin_nearest,Asignación al tramo más cercano,bajo,movilidad,no
road_carriles,Atributo 'CARRILES' del tramo RNC más cercano,según diccionario RNC,O,INEGI RNC,2025,2025,tramo vial,2026-10-04T14:26:20,sjoin_nearest,Asignación al tramo más cercano,bajo,movilidad,no
road_nivel,Atributo 'NIVEL' del tramo RNC más cercano,según diccionario RNC,O,INEGI RNC,2025,2025,tramo vial,2026-10-04T14:26:20,sjoin_nearest,Asignación al tramo más cercano,bajo,movilidad,no
road_peaje,Atributo 'PEAJE' del tramo RNC más cercano,según diccionario RNC,O,INEGI RNC,2025,2025,tramo vial,2026-10-04T14:26:20,sjoin_nearest,Asignación al tramo más cercano,bajo,movilidad,no
road_administra,Atributo 'ADMINISTRA' del tramo RNC más cercano,según diccionario RNC,O,INEGI RNC,2025,2025,tramo vial,2026-10-04T14:26:20,sjoin_nearest,Asignación al tramo más cercano,bajo,movilidad,no
road_jurisdi,Atributo 'JURISDI' del tramo RNC más cercano,según diccionario RNC,O,INEGI RNC,2025,2025,tramo vial,2026-10-04T14:26:20,sjoin_nearest,Asignación al tramo más cercano,bajo,movilidad,no
road_circula,Atributo 'CIRCULA' del tramo RNC más cercano,según diccionario RNC,O,INEGI RNC,2025,2025,tramo vial,2026-10-04T14:26:20,sjoin_nearest,Asignación al tramo más cercano,bajo,movilidad,no
road_velocidad,Atributo 'VELOCIDAD' del tramo RNC más cercano,según diccionario RNC,O,INEGI RNC,2025,2025,tramo vial,2026-10-04T14:26:20,sjoin_nearest,Asignación al tramo más cercano,bajo,movilidad,no
road_ancho,Atributo 'ANCHO' del tramo RNC más cercano,según diccionario RNC,O,INEGI RNC,2025,2025,tramo vial,2026-10-04T14:26:20,sjoin_nearest,Asignación al tramo más cercano,bajo,movilidad,no
road_dist_m,Distancia al tramo RNC más cercano,m,D,INEGI RNC,2025,2025,punto,2026-10-04T14:26:20,sjoin_nearest,"Control de calidad de coordenadas, no variable explicativa",bajo,movilidad,no
allsky_sfc_sw_dwn_mean,Estadístico mensual allsky_sfc_sw_dwn_mean,kWh/m²/día,D,NASA POWER,API v2 (ver download_log),2015-2024,malla ~0.5° x 0.625°,2026-10-04T14:27:39,Serie mensual -> media/std/p10/p90/amplitud estacional,Reanálisis/satélite; no es medición en sitio; CTN vecinos comparten celda,bajo,energía,no
prectotcorr_mean,Estadístico mensual prectotcorr_mean,mm/día,D,NASA POWER,API v2 (ver download_log),2015-2024,malla ~0.5° x 0.625°,2026-10-04T14:27:39,Serie mensual -> media/std/p10/p90/amplitud estacional,Reanálisis/satélite; no es medición en sitio; CTN vecinos comparten celda,bajo,energía,no
t2m_mean,Estadístico mensual t2m_mean,°C,D,NASA POWER,API v2 (ver download_log),2015-2024,malla ~0.5° x 0.625°,2026-10-04T14:27:39,Serie mensual -> media/std/p10/p90/amplitud estacional,Reanálisis/satélite; no es medición en sitio; CTN vecinos comparten celda,bajo,energía,no
t2m_max_mean,Estadístico mensual t2m_max_mean,°C,D,NASA POWER,API v2 (ver download_log),2015-2024,malla ~0.5° x 0.625°,2026-10-04T14:27:39,Serie mensual -> media/std/p10/p90/amplitud estacional,Reanálisis/satélite; no es medición en sitio; CTN vecinos comparten celda,bajo,energía,no
ws10m_mean,Estadístico mensual ws10m_mean,m/s,D,NASA POWER,API v2 (ver download_log),2015-2024,malla ~0.5° x 0.625°,2026-10-04T14:27:39,Serie mensual -> media/std/p10/p90/amplitud estacional,Reanálisis/satélite; no es medición en sitio; CTN vecinos comparten celda,bajo,energía,no
allsky_sfc_sw_dwn_std,Estadístico mensual allsky_sfc_sw_dwn_std,kWh/m²/día,D,NASA POWER,API v2 (ver download_log),2015-2024,malla ~0.5° x 0.625°,2026-10-04T14:27:39,Serie mensual -> media/std/p10/p90/amplitud estacional,Reanálisis/satélite; no es medición en sitio; CTN vecinos comparten celda,bajo,energía,no
prectotcorr_std,Estadístico mensual prectotcorr_std,mm/día,D,NASA POWER,API v2 (ver download_log),2015-2024,malla ~0.5° x 0.625°,2026-10-04T14:27:39,Serie mensual -> media/std/p10/p90/amplitud estacional,Reanálisis/satélite; no es medición en sitio; CTN vecinos comparten celda,bajo,energía,no
t2m_std,Estadístico mensual t2m_std,°C,D,NASA POWER,API v2 (ver download_log),2015-2024,malla ~0.5° x 0.625°,2026-10-04T14:27:39,Serie mensual -> media/std/p10/p90/amplitud estacional,Reanálisis/satélite; no es medición en sitio; CTN vecinos comparten celda,bajo,energía,no
t2m_max_std,Estadístico mensual t2m_max_std,°C,D,NASA POWER,API v2 (ver download_log),2015-2024,malla ~0.5° x 0.625°,2026-10-04T14:27:39,Serie mensual -> media/std/p10/p90/amplitud estacional,Reanálisis/satélite; no es medición en sitio; CTN vecinos comparten celda,bajo,energía,no
ws10m_std,Estadístico mensual ws10m_std,m/s,D,NASA POWER,API v2 (ver download_log),2015-2024,malla ~0.5° x 0.625°,2026-10-04T14:27:39,Serie mensual -> media/std/p10/p90/amplitud estacional,Reanálisis/satélite; no es medición en sitio; CTN vecinos comparten celda,bajo,energía,no
allsky_sfc_sw_dwn_p10,Estadístico mensual allsky_sfc_sw_dwn_p10,kWh/m²/día,D,NASA POWER,API v2 (ver download_log),2015-2024,malla ~0.5° x 0.625°,2026-10-04T14:27:39,Serie mensual -> media/std/p10/p90/amplitud estacional,Reanálisis/satélite; no es medición en sitio; CTN vecinos comparten celda,bajo,energía,no
prectotcorr_p10,Estadístico mensual prectotcorr_p10,mm/día,D,NASA POWER,API v2 (ver download_log),2015-2024,malla ~0.5° x 0.625°,2026-10-04T14:27:39,Serie mensual -> media/std/p10/p90/amplitud estacional,Reanálisis/satélite; no es medición en sitio; CTN vecinos comparten celda,bajo,energía,no
t2m_p10,Estadístico mensual t2m_p10,°C,D,NASA POWER,API v2 (ver download_log),2015-2024,malla ~0.5° x 0.625°,2026-10-04T14:27:39,Serie mensual -> media/std/p10/p90/amplitud estacional,Reanálisis/satélite; no es medición en sitio; CTN vecinos comparten celda,bajo,energía,no
t2m_max_p10,Estadístico mensual t2m_max_p10,°C,D,NASA POWER,API v2 (ver download_log),2015-2024,malla ~0.5° x 0.625°,2026-10-04T14:27:39,Serie mensual -> media/std/p10/p90/amplitud estacional,Reanálisis/satélite; no es medición en sitio; CTN vecinos comparten celda,bajo,energía,no
ws10m_p10,Estadístico mensual ws10m_p10,m/s,D,NASA POWER,API v2 (ver download_log),2015-2024,malla ~0.5° x 0.625°,2026-10-04T14:27:39,Serie mensual -> media/std/p10/p90/amplitud estacional,Reanálisis/satélite; no es medición en sitio; CTN vecinos comparten celda,bajo,energía,no
allsky_sfc_sw_dwn_p90,Estadístico mensual allsky_sfc_sw_dwn_p90,kWh/m²/día,D,NASA POWER,API v2 (ver download_log),2015-2024,malla ~0.5° x 0.625°,2026-10-04T14:27:39,Serie mensual -> media/std/p10/p90/amplitud estacional,Reanálisis/satélite; no es medición en sitio; CTN vecinos comparten celda,bajo,energía,no
prectotcorr_p90,Estadístico mensual prectotcorr_p90,mm/día,D,NASA POWER,API v2 (ver download_log),2015-2024,malla ~0.5° x 0.625°,2026-10-04T14:27:39,Serie mensual -> media/std/p10/p90/amplitud estacional,Reanálisis/satélite; no es medición en sitio; CTN vecinos comparten celda,bajo,energía,no
t2m_p90,Estadístico mensual t2m_p90,°C,D,NASA POWER,API v2 (ver download_log),2015-2024,malla ~0.5° x 0.625°,2026-10-04T14:27:39,Serie mensual -> media/std/p10/p90/amplitud estacional,Reanálisis/satélite; no es medición en sitio; CTN vecinos comparten celda,bajo,energía,no
t2m_max_p90,Estadístico mensual t2m_max_p90,°C,D,NASA POWER,API v2 (ver download_log),2015-2024,malla ~0.5° x 0.625°,2026-10-04T14:27:39,Serie mensual -> media/std/p10/p90/amplitud estacional,Reanálisis/satélite; no es medición en sitio; CTN vecinos comparten celda,bajo,energía,no
ws10m_p90,Estadístico mensual ws10m_p90,m/s,D,NASA POWER,API v2 (ver download_log),2015-2024,malla ~0.5° x 0.625°,2026-10-04T14:27:39,Serie mensual -> media/std/p10/p90/amplitud estacional,Reanálisis/satélite; no es medición en sitio; CTN vecinos comparten celda,bajo,energía,no
allsky_sfc_sw_dwn_seasonal_amplitude,Estadístico mensual allsky_sfc_sw_dwn_seasonal_amplitude,kWh/m²/día,D,NASA POWER,API v2 (ver download_log),2015-2024,malla ~0.5° x 0.625°,2026-10-04T14:27:39,Serie mensual -> media/std/p10/p90/amplitud estacional,Reanálisis/satélite; no es medición en sitio; CTN vecinos comparten celda,bajo,energía,no
prectotcorr_seasonal_amplitude,Estadístico mensual prectotcorr_seasonal_amplitude,mm/día,D,NASA POWER,API v2 (ver download_log),2015-2024,malla ~0.5° x 0.625°,2026-10-04T14:27:39,Serie mensual -> media/std/p10/p90/amplitud estacional,Reanálisis/satélite; no es medición en sitio; CTN vecinos comparten celda,bajo,energía,no
t2m_seasonal_amplitude,Estadístico mensual t2m_seasonal_amplitude,°C,D,NASA POWER,API v2 (ver download_log),2015-2024,malla ~0.5° x 0.625°,2026-10-04T14:27:39,Serie mensual -> media/std/p10/p90/amplitud estacional,Reanálisis/satélite; no es medición en sitio; CTN vecinos comparten celda,bajo,energía,no
t2m_max_seasonal_amplitude,Estadístico mensual t2m_max_seasonal_amplitude,°C,D,NASA POWER,API v2 (ver download_log),2015-2024,malla ~0.5° x 0.625°,2026-10-04T14:27:39,Serie mensual -> media/std/p10/p90/amplitud estacional,Reanálisis/satélite; no es medición en sitio; CTN vecinos comparten celda,bajo,energía,no
ws10m_seasonal_amplitude,Estadístico mensual ws10m_seasonal_amplitude,m/s,D,NASA POWER,API v2 (ver download_log),2015-2024,malla ~0.5° x 0.625°,2026-10-04T14:27:39,Serie mensual -> media/std/p10/p90/amplitud estacional,Reanálisis/satélite; no es medición en sitio; CTN vecinos comparten celda,bajo,energía,no
allsky_sfc_sw_dwn_min_month,Estadístico mensual allsky_sfc_sw_dwn_min_month,,D,NASA POWER,API v2 (ver download_log),2015-2024,malla ~0.5° x 0.625°,2026-10-04T14:27:39,Serie mensual -> media/std/p10/p90/amplitud estacional,Reanálisis/satélite; no es medición en sitio; CTN vecinos comparten celda,bajo,energía,no
prectotcorr_min_month,Estadístico mensual prectotcorr_min_month,,D,NASA POWER,API v2 (ver download_log),2015-2024,malla ~0.5° x 0.625°,2026-10-04T14:27:39,Serie mensual -> media/std/p10/p90/amplitud estacional,Reanálisis/satélite; no es medición en sitio; CTN vecinos comparten celda,bajo,energía,no
t2m_min_month,Estadístico mensual t2m_min_month,,D,NASA POWER,API v2 (ver download_log),2015-2024,malla ~0.5° x 0.625°,2026-10-04T14:27:39,Serie mensual -> media/std/p10/p90/amplitud estacional,Reanálisis/satélite; no es medición en sitio; CTN vecinos comparten celda,bajo,energía,no
t2m_max_min_month,Estadístico mensual t2m_max_min_month,,D,NASA POWER,API v2 (ver download_log),2015-2024,malla ~0.5° x 0.625°,2026-10-04T14:27:39,Serie mensual -> media/std/p10/p90/amplitud estacional,Reanálisis/satélite; no es medición en sitio; CTN vecinos comparten celda,bajo,energía,no
ws10m_min_month,Estadístico mensual ws10m_min_month,,D,NASA POWER,API v2 (ver download_log),2015-2024,malla ~0.5° x 0.625°,2026-10-04T14:27:39,Serie mensual -> media/std/p10/p90/amplitud estacional,Reanálisis/satélite; no es medición en sitio; CTN vecinos comparten celda,bajo,energía,no
allsky_sfc_sw_dwn_missing_pct,Estadístico mensual allsky_sfc_sw_dwn_missing_pct,,D,NASA POWER,API v2 (ver download_log),2015-2024,malla ~0.5° x 0.625°,2026-10-04T14:27:39,Serie mensual -> media/std/p10/p90/amplitud estacional,Reanálisis/satélite; no es medición en sitio; CTN vecinos comparten celda,bajo,energía,no
prectotcorr_missing_pct,Estadístico mensual prectotcorr_missing_pct,,D,NASA POWER,API v2 (ver download_log),2015-2024,malla ~0.5° x 0.625°,2026-10-04T14:27:39,Serie mensual -> media/std/p10/p90/amplitud estacional,Reanálisis/satélite; no es medición en sitio; CTN vecinos comparten celda,bajo,energía,no
t2m_missing_pct,Estadístico mensual t2m_missing_pct,,D,NASA POWER,API v2 (ver download_log),2015-2024,malla ~0.5° x 0.625°,2026-10-04T14:27:39,Serie mensual -> media/std/p10/p90/amplitud estacional,Reanálisis/satélite; no es medición en sitio; CTN vecinos comparten celda,bajo,energía,no
t2m_max_missing_pct,Estadístico mensual t2m_max_missing_pct,,D,NASA POWER,API v2 (ver download_log),2015-2024,malla ~0.5° x 0.625°,2026-10-04T14:27:39,Serie mensual -> media/std/p10/p90/amplitud estacional,Reanálisis/satélite; no es medición en sitio; CTN vecinos comparten celda,bajo,energía,no
ws10m_missing_pct,Estadístico mensual ws10m_missing_pct,,D,NASA POWER,API v2 (ver download_log),2015-2024,malla ~0.5° x 0.625°,2026-10-04T14:27:39,Serie mensual -> media/std/p10/p90/amplitud estacional,Reanálisis/satélite; no es medición en sitio; CTN vecinos comparten celda,bajo,energía,no
pop_5km,Población en localidades a <= 5 km,habitantes,D,INEGI Censo 2020 ITER,CPV 2020,2020,buffer 5 km,2026-10-04T14:27:48,"Suma de POBTOT de localidades (punto) dentro del buffer, EPSG:6372",Snapshot 2020; localidades como puntos; '*' confidencial -> NaN; población flotante turística no captada,bajo,población/sociedad,no
n_localities_5km,Número de localidades a <= 5 km,conteo,D,INEGI Censo 2020 ITER,CPV 2020,2020,buffer 5 km,2026-10-04T14:27:48,Conteo de localidades en buffer,Snapshot 2020; localidades como puntos; '*' confidencial -> NaN; población flotante turística no captada,bajo,población/sociedad,no
rural_pop_share_5km,Fracción de población en localidades < 2500 hab.,fracción,D,INEGI Censo 2020 ITER,CPV 2020,2020,buffer 5 km,2026-10-04T14:27:48,Cociente,Snapshot 2020; localidades como puntos; '*' confidencial -> NaN; población flotante turística no captada,bajo,población/sociedad,no
pop_10km,Población en localidades a <= 10 km,habitantes,D,INEGI Censo 2020 ITER,CPV 2020,2020,buffer 10 km,2026-10-04T14:27:48,"Suma de POBTOT de localidades (punto) dentro del buffer, EPSG:6372",Snapshot 2020; localidades como puntos; '*' confidencial -> NaN; población flotante turística no captada,bajo,población/sociedad,no
n_localities_10km,Número de localidades a <= 10 km,conteo,D,INEGI Censo 2020 ITER,CPV 2020,2020,buffer 10 km,2026-10-04T14:27:48,Conteo de localidades en buffer,Snapshot 2020; localidades como puntos; '*' confidencial -> NaN; población flotante turística no captada,bajo,población/sociedad,no
rural_pop_share_10km,Fracción de población en localidades < 2500 hab.,fracción,D,INEGI Censo 2020 ITER,CPV 2020,2020,buffer 10 km,2026-10-04T14:27:48,Cociente,Snapshot 2020; localidades como puntos; '*' confidencial -> NaN; población flotante turística no captada,bajo,población/sociedad,no
pop_20km,Población en localidades a <= 20 km,habitantes,D,INEGI Censo 2020 ITER,CPV 2020,2020,buffer 20 km,2026-10-04T14:27:48,"Suma de POBTOT de localidades (punto) dentro del buffer, EPSG:6372",Snapshot 2020; localidades como puntos; '*' confidencial -> NaN; población flotante turística no captada,bajo,población/sociedad,no
n_localities_20km,Número de localidades a <= 20 km,conteo,D,INEGI Censo 2020 ITER,CPV 2020,2020,buffer 20 km,2026-10-04T14:27:48,Conteo de localidades en buffer,Snapshot 2020; localidades como puntos; '*' confidencial -> NaN; población flotante turística no captada,bajo,población/sociedad,no
rural_pop_share_20km,Fracción de población en localidades < 2500 hab.,fracción,D,INEGI Censo 2020 ITER,CPV 2020,2020,buffer 20 km,2026-10-04T14:27:48,Cociente,Snapshot 2020; localidades como puntos; '*' confidencial -> NaN; población flotante turística no captada,bajo,población/sociedad,no
schooling_mean_10km,Grado promedio de escolaridad ponderado,años,D,INEGI Censo 2020 ITER,CPV 2020,2020,buffer 10 km,2026-10-04T14:27:48,Promedio ponderado por POBTOT,Snapshot 2020; localidades como puntos; '*' confidencial -> NaN; población flotante turística no captada,bajo,población/sociedad,no
pct_dwellings_electricity_10km,% viviendas habitadas con electricidad,%,P,INEGI Censo 2020 ITER,CPV 2020,2020,buffer 10 km,2026-10-04T14:27:48,100*VPH_C_ELEC/TVIVHAB,"Snapshot 2020; localidades como puntos; '*' confidencial -> NaN; población flotante turística no captada; proxy débil de acceso a red, NO de capacidad de red",bajo,población/sociedad,no
dist_nearest_locality_m,Distancia a la localidad más cercana,m,D,INEGI Censo 2020 ITER,CPV 2020,2020,punto,2026-10-04T14:27:48,sjoin_nearest EPSG:6372,Snapshot 2020; localidades como puntos; '*' confidencial -> NaN; población flotante turística no captada,bajo,población/sociedad,no
pop_nearest_locality,Población de la localidad más cercana,habitantes,D,INEGI Censo 2020 ITER,CPV 2020,2020,localidad,2026-10-04T14:27:48,sjoin_nearest,Snapshot 2020; localidades como puntos; '*' confidencial -> NaN; población flotante turística no captada,bajo,población/sociedad,no
mun_agri_sown_ha,Superficie sembrada total del municipio,ha,D,SIAP/DGSIAP,Cierre agrícola 2024,2024,municipal,2026-10-04T14:27:54,Agregación municipal de registros por cultivo/ciclo/modalidad,"Contexto MUNICIPAL, no predial; CTN del mismo municipio comparten valor",medio: agrupar por municipio en validación espacial,agricultura,no
mun_agri_harvested_ha,Superficie cosechada total,ha,D,SIAP/DGSIAP,Cierre agrícola 2024,2024,municipal,2026-10-04T14:27:54,Agregación municipal de registros por cultivo/ciclo/modalidad,"Contexto MUNICIPAL, no predial; CTN del mismo municipio comparten valor",medio: agrupar por municipio en validación espacial,agricultura,no
mun_agri_value_mxn,Valor de la producción agrícola,MXN,D,SIAP/DGSIAP,Cierre agrícola 2024,2024,municipal,2026-10-04T14:27:54,Agregación municipal de registros por cultivo/ciclo/modalidad,"Contexto MUNICIPAL, no predial; CTN del mismo municipio comparten valor",medio: agrupar por municipio en validación espacial,agricultura,no
mun_agri_n_crops,Número de cultivos distintos,conteo,D,SIAP/DGSIAP,Cierre agrícola 2024,2024,municipal,2026-10-04T14:27:54,Agregación municipal de registros por cultivo/ciclo/modalidad,"Contexto MUNICIPAL, no predial; CTN del mismo municipio comparten valor",medio: agrupar por municipio en validación espacial,agricultura,no
mun_agri_crop_shannon,Diversidad de Shannon por superficie sembrada,índice,D,SIAP/DGSIAP,Cierre agrícola 2024,2024,municipal,2026-10-04T14:27:54,Agregación municipal de registros por cultivo/ciclo/modalidad,"Contexto MUNICIPAL, no predial; CTN del mismo municipio comparten valor",medio: agrupar por municipio en validación espacial,agricultura,no
mun_agri_top_crop,Cultivo con mayor superficie,categoría,D,SIAP/DGSIAP,Cierre agrícola 2024,2024,municipal,2026-10-04T14:27:54,Agregación municipal de registros por cultivo/ciclo/modalidad,"Contexto MUNICIPAL, no predial; CTN del mismo municipio comparten valor",medio: agrupar por municipio en validación espacial,agricultura,no
mun_agri_top_crop_share,Fracción de superficie del cultivo principal,fracción,D,SIAP/DGSIAP,Cierre agrícola 2024,2024,municipal,2026-10-04T14:27:54,Agregación municipal de registros por cultivo/ciclo/modalidad,"Contexto MUNICIPAL, no predial; CTN del mismo municipio comparten valor",medio: agrupar por municipio en validación espacial,agricultura,no
mun_agri_irrigated_share,Fracción de superficie en riego,fracción,D,SIAP/DGSIAP,Cierre agrícola 2024,2024,municipal,2026-10-04T14:27:54,Agregación municipal de registros por cultivo/ciclo/modalidad,"Contexto MUNICIPAL, no predial; CTN del mismo municipio comparten valor",medio: agrupar por municipio en validación espacial,agricultura,no
mun_agri_loss_share,Fracción siniestrada/sembrada,fracción,D,SIAP/DGSIAP,Cierre agrícola 2024,2024,municipal,2026-10-04T14:27:54,Agregación municipal de registros por cultivo/ciclo/modalidad,"Contexto MUNICIPAL, no predial; CTN del mismo municipio comparten valor",medio: agrupar por municipio en validación espacial,agricultura,no
